TECTONIC_SETTING,LOCATION,LATITUDE,LONGITUDE,LAND_SEA,SAMPLE_NAME,ROCK_NAME,ROCK_TYPE,SIO2_WT,TIO2_WT,AL2O3_WT,FE2O3_WT,FEO_WT,FEOT_WT,CAO_WT,MGO_WT,MNO_WT,K2O_WT,NA2O_WT,P2O5_WT,LI_PPM,BE_PPM,B_PPM,C_PPM,CO2_PPM,F_PPM,NA_PPM,MG_PPM,AL_PPM,P_PPM,S_PPM,CL_PPM,K_PPM,CA_PPM,SC_PPM,TI_PPM,V_PPM,CR_PPM,MN_PPM,FE_PPM,CO_PPM,NI_PPM,CU_PPM,ZN_PPM,GA_PPM,GE_PPM,AS_PPM,SE_PPM,BR_PPM,RB_PPM,SR_PPM,Y_PPM,ZR_PPM,NB_PPM,MO_PPM,RU_PPM,RH_PPM,PD_PPM,AG_PPM,CD_PPM,IN_PPM,SN_PPM,SB_PPM,TE_PPM,I_PPM,CS_PPM,BA_PPM,LA_PPM,CE_PPM,PR_PPM,ND_PPM,SM_PPM,EU_PPM,GD_PPM,TB_PPM,DY_PPM,HO_PPM,ER_PPM,TM_PPM,YB_PPM,LU_PPM,HF_PPM,TA_PPM,W_PPM,RE_PPM,OS_PPM,IR_PPM,PT_PPM,AU_PPM,HG_PPM,TL_PPM,PB_PPM,BI_PPM,TH_PPM,U_PPM
SUBMARINE RIDGE,COCOS RIDGE / COCOS RIDGE / SITE 1241,5.8428,-86.4447,SAQ,s_202-1241A-4H-4-12-14   [20692],NOT GIVEN [20692],VOL,65.45735,0.1391,14.0256,,,2.22,0.4633,0,0.0328,4.64,5.92,0.0107,,,,,,,,,,,,,,,,,,,,,,,,,,,,,,,,,,,,,,,,,,,,,,,,,,,,,,,,,,,,,,,,,,,,,,,,,,,
SUBMARINE RIDGE,COCOS RIDGE / COCOS RIDGE / SITE 1241,5.8428,-86.4447,SAQ,s_202-1241A-4H-4-12-14   [20692],NOT GIVEN [20692],VOL,66.06635,0.1116,14.16,,,2.28,0.5703,0.0146,0.0902,4.58,5.84,0.032,,,,,,,,,,,,,,,,,,,,,,,,,,,,,,,,,,,,,,,,,,,,,,,,,,,,,,,,,,,,,,,,,,,,,,,,,,,
SUBMARINE RIDGE,COCOS RIDGE / COCOS RIDGE / SITE 1241,5.8428,-86.4447,SAQ,s_202-1241A-4H-4-12-14   [20692],NOT GIVEN [20692],VOL,69.4869,0.0977,14.4672,,,2.07,0.3407,0.0432,0.0719,4.55,6.95,0.0112,,,,,,,,,,,,,,,,,,,,,,,,,,,,,,,,,,,,,,,,,,,,,,,,,,,,,,,,,,,,,,,,,,,,,,,,,,,
SUBMARINE RIDGE,COCOS RIDGE / COCOS RIDGE / SITE 1241,5.8428,-86.4447,SAQ,s_202-1241A-4H-4-12-14   [20692],NOT GIVEN [20692],VOL,68.96925,0.0989,13.9584,,,2.53,0.4505,0,0.046,4.42,5.98,0.0208,,,,,,,,,,,,,,,,,,,,,,,,,,,,,,,,,,,,,,,,,,,,,,,,,,,,,,,,,,,,,,,,,,,,,,,,,,,
SUBMARINE RIDGE,COCOS RIDGE / COCOS RIDGE / SITE 1241,5.8428,-86.4447,SAQ,s_202-1241A-4H-4-12-14   [20692],NOT GIVEN [20692],VOL,63.0315,0.1014,14.6784,,,2.84,0.802,0.0128,0.1278,5.07,5.92,0.0313,,,,,,,,,,,,,,,,,,,,,,,,,,,,,,,,,,,,,,,,,,,,,,,,,,,,,,,,,,,,,,,,,,,,,,,,,,,
SUBMARINE RIDGE,COCOS RIDGE / COCOS RIDGE / SITE 1241,5.8428,-86.4447,SAQ,s_202-1241A-4H-4-12-14   [20692],NOT GIVEN [20692],VOL,64.7773,0.1903,15.312,,,2.83,1.0071,0.0808,0.0944,4.98,5.86,0.0084,,,,,,,,,,,,,,,,,,,,,,,,,,,,,,,,,,,,,,,,,,,,,,,,,,,,,,,,,,,,,,,,,,,,,,,,,,,
SUBMARINE RIDGE,COCOS RIDGE / COCOS RIDGE / SITE 1241,5.8428,-86.4447,SAQ,s_202-1241A-4H-4-12-14   [20692],NOT GIVEN [20692],VOL,65.5284,0.1334,14.256,,,2.47,0.5897,0.0411,0,5.54,5.37,0.0045,,,,,,,,,,,,,,,,,,,,,,,,,,,,,,,,,,,,,,,,,,,,,,,,,,,,,,,,,,,,,,,,,,,,,,,,,,,
SUBMARINE RIDGE,COCOS RIDGE / COCOS RIDGE / SITE 1241,5.8428,-86.4447,SAQ,s_202-1241A-4H-4-12-14   [20692],NOT GIVEN [20692],VOL,65.55885,0.1337,15.0816,,,2.64,0.7986,0.0343,0.0996,5.08,5.62,0.0263,,,,,,,,,,,,,,,,,,,,,,,,,,,,,,,,,,,,,,,,,,,,,,,,,,,,,,,,,,,,,,,,,,,,,,,,,,,
SUBMARINE RIDGE,COCOS RIDGE / COCOS RIDGE / SITE 1241,5.8428,-86.4447,SAQ,s_202-1241A-4H-4-12-14   [20692],NOT GIVEN [20692],VOL,63.2142,0.1684,15.2448,,,2.78,0.7774,0.0459,0.052,4.84,6.37,0.0034,,,,,,,,,,,,,,,,,,,,,,,,,,,,,,,,,,,,,,,,,,,,,,,,,,,,,,,,,,,,,,,,,,,,,,,,,,,
SUBMARINE RIDGE,COCOS RIDGE / COCOS RIDGE / SITE 1241,5.8428,-86.4447,SAQ,s_202-1241A-4H-4-12-14   [20692],NOT GIVEN [20692],VOL,64.66565,0.1152,14.112,,,2.46,0.4482,0,0.0728,4.42,6.24,0.0213,,,,,,,,,,,,,,,,,,,,,,,,,,,,,,,,,,,,,,,,,,,,,,,,,,,,,,,,,,,,,,,,,,,,,,,,,,,
SUBMARINE RIDGE,COCOS RIDGE / COCOS RIDGE / SITE 1241,5.8428,-86.4447,SAQ,s_202-1241A-4H-4-12-14   [20692],NOT GIVEN [20692],VOL,63.7623,0.1622,15.1872,,,2.85,0.8818,0.0414,0.1799,4.99,6.17,0.0257,,,,,,,,,,,,,,,,,,,,,,,,,,,,,,,,,,,,,,,,,,,,,,,,,,,,,,,,,,,,,,,,,,,,,,,,,,,
SUBMARINE RIDGE,COCOS RIDGE / COCOS RIDGE / SITE 1241,5.8428,-86.4447,SAQ,s_202-1241A-4H-4-11-14 [20692],NOT GIVEN [20692],VOL,67.09,0.1575,14.16,,,2.6,0,0.3816,0.1061,4.33,5.44,0.0047,,,,,,,,,,,,,,,,,,,,,,,,,,,,,,,,,,,,,,,,,,,,,,,,,,,,,,,,,,,,,,,,,,,,,,,,,,,
SUBMARINE RIDGE,COCOS RIDGE / COCOS RIDGE / SITE 1241,5.8428,-86.4447,SAQ,s_202-1241A-4H-4-11-14 [20692],NOT GIVEN [20692],VOL,66.59,0.0991,13.95,,,2.17,0.0199,0.3715,0.051,4.65,5.59,0.0057,,,,,,,,,,,,,,,,,,,,,,,,,,,,,,,,,,,,,,,,,,,,,,,,,,,,,,,,,,,,,,,,,,,,,,,,,,,
SUBMARINE RIDGE,COCOS RIDGE / COCOS RIDGE / SITE 1241,5.8428,-86.4447,SAQ,s_202-1241A-4H-4-11-14 [20692],NOT GIVEN [20692],VOL,65.45,0.1106,14.32,,,2.31,0,0.4077,0.113,4.49,5.45,0.0303,,,,,,,,,,,,,,,,,,,,,,,,,,,,,,,,,,,,,,,,,,,,,,,,,,,,,,,,,,,,,,,,,,,,,,,,,,,
SUBMARINE RIDGE,COCOS RIDGE / COCOS RIDGE / SITE 1241,5.8428,-86.4447,SAQ,s_202-1241A-4H-4-11-14 [20692],NOT GIVEN [20692],VOL,66.62,0.1464,14.43,,,2.25,0,0.4408,0.1222,4.79,5.44,0.0334,,,,,,,,,,,,,,,,,,,,,,,,,,,,,,,,,,,,,,,,,,,,,,,,,,,,,,,,,,,,,,,,,,,,,,,,,,,
SUBMARINE RIDGE,COCOS RIDGE / COCOS RIDGE / SITE 1241,5.8428,-86.4447,SAQ,s_202-1241A-4H-4-11-14 [20692],NOT GIVEN [20692],VOL,67.25,0.1571,14.5,,,2.65,0,0.4116,0.087,4.78,5.33,0.0089,,,,,,,,,,,,,,,,,,,,,,,,,,,,,,,,,,,,,,,,,,,,,,,,,,,,,,,,,,,,,,,,,,,,,,,,,,,
SUBMARINE RIDGE,COCOS RIDGE / COCOS RIDGE / SITE 1241,5.8428,-86.4447,SAQ,s_202-1241A-5H-4 123-133   [20692],NOT GIVEN [20692],VOL,59.47,0.4874,17.2,,,3.76,0.4665,1.76,0.1558,4.54,5.55,0.0853,,,,,,,,,,,,,,,,,,,,,,,,,,,,,,,,,,,,,,,,,,,,,,,,,,,,,,,,,,,,,,,,,,,,,,,,,,,
SUBMARINE RIDGE,COCOS RIDGE / COCOS RIDGE / SITE 1241,5.8428,-86.4447,SAQ,s_202-1241A-5H-4 123-133   [20692],NOT GIVEN [20692],VOL,58.82,0.4358,16.36,,,3.49,0.3327,1.3357,0.2099,5.02,4.94,0.0798,,,,,,,,,,,,,,,,,,,,,,,,,,,,,,,,,,,,,,,,,,,,,,,,,,,,,,,,,,,,,,,,,,,,,,,,,,,
SUBMARINE RIDGE,COCOS RIDGE / COCOS RIDGE / SITE 1241,5.8428,-86.4447,SAQ,s_202-1241A-5H-4 123-133   [20692],NOT GIVEN [20692],VOL,59.52,0.5979,17.11,,,3.94,0.6042,2.05,0.1531,4.52,5.71,0.1529,,,,,,,,,,,,,,,,,,,,,,,,,,,,,,,,,,,,,,,,,,,,,,,,,,,,,,,,,,,,,,,,,,,,,,,,,,,
SUBMARINE RIDGE,COCOS RIDGE / COCOS RIDGE / SITE 1241,5.8428,-86.4447,SAQ,s_202-1241A-5H-4 123-133   [20692],NOT GIVEN [20692],VOL,60.98,0.2886,16.39,,,3.09,0.159,0.9713,0.1302,5.26,5.82,0.0327,,,,,,,,,,,,,,,,,,,,,,,,,,,,,,,,,,,,,,,,,,,,,,,,,,,,,,,,,,,,,,,,,,,,,,,,,,,
SUBMARINE RIDGE,COCOS RIDGE / COCOS RIDGE / SITE 1241,5.8428,-86.4447,SAQ,s_202-1241A-5H-4 123-133   [20692],NOT GIVEN [20692],VOL,59.16,0.4143,18.15,,,3.37,0.3902,1.44,0.1892,4.72,5.32,0.0896,,,,,,,,,,,,,,,,,,,,,,,,,,,,,,,,,,,,,,,,,,,,,,,,,,,,,,,,,,,,,,,,,,,,,,,,,,,
SUBMARINE RIDGE,COCOS RIDGE / COCOS RIDGE / SITE 1241,5.8428,-86.4447,SAQ,s_202-1241A-5H-4 123-133   [20692],NOT GIVEN [20692],VOL,59.98,0.5473,17.13,,,3.78,0.5414,1.83,0.105,4.58,5.38,0.1561,,,,,,,,,,,,,,,,,,,,,,,,,,,,,,,,,,,,,,,,,,,,,,,,,,,,,,,,,,,,,,,,,,,,,,,,,,,
SUBMARINE RIDGE,COCOS RIDGE / COCOS RIDGE / SITE 1241,5.8428,-86.4447,SAQ,s_202-1241A-5H-4 123-133   [20692],NOT GIVEN [20692],VOL,58.62,0.5151,17.18,,,4.38,0.5367,1.96,0.088,4.47,5.45,0.1809,,,,,,,,,,,,,,,,,,,,,,,,,,,,,,,,,,,,,,,,,,,,,,,,,,,,,,,,,,,,,,,,,,,,,,,,,,,
SUBMARINE RIDGE,COCOS RIDGE / COCOS RIDGE / SITE 1241,5.8428,-86.4447,SAQ,s_202-1241A-5H-4 123-133   [20692],NOT GIVEN [20692],VOL,60.4,0.3977,16.98,,,3.3,0.3327,1.3402,0.0962,4.92,5.41,0.1071,,,,,,,,,,,,,,,,,,,,,,,,,,,,,,,,,,,,,,,,,,,,,,,,,,,,,,,,,,,,,,,,,,,,,,,,,,,
SUBMARINE RIDGE,COCOS RIDGE / COCOS RIDGE / SITE 1241,5.8428,-86.4447,SAQ,s_202-1241A-5H-4 123-133   [20692],NOT GIVEN [20692],VOL,61.42,0.4001,17,,,3.43,0.3232,1.3895,0.2398,4.93,5.71,0.0748,,,,,,,,,,,,,,,,,,,,,,,,,,,,,,,,,,,,,,,,,,,,,,,,,,,,,,,,,,,,,,,,,,,,,,,,,,,
SUBMARINE RIDGE,COCOS RIDGE / COCOS RIDGE / SITE 1241,5.8428,-86.4447,SAQ,s_202-1241A-5H-4 123-133   [20692],NOT GIVEN [20692],VOL,58.79,0.6051,16.49,,,4.14,0.7763,2.13,0.1597,4.73,5.48,0.1831,,,,,,,,,,,,,,,,,,,,,,,,,,,,,,,,,,,,,,,,,,,,,,,,,,,,,,,,,,,,,,,,,,,,,,,,,,,
SUBMARINE RIDGE,COCOS RIDGE / COCOS RIDGE / SITE 1241,5.8428,-86.4447,SAQ,s_202-1241A-5H-4 123-133   [20692],NOT GIVEN [20692],VOL,60.63,0.4502,17.2,,,3.21,0.3958,1.3725,0.1936,5.24,5.77,0.0791,,,,,,,,,,,,,,,,,,,,,,,,,,,,,,,,,,,,,,,,,,,,,,,,,,,,,,,,,,,,,,,,,,,,,,,,,,,
SUBMARINE RIDGE,COCOS RIDGE / COCOS RIDGE / SITE 1241,5.8428,-86.4447,SAQ,s_202-1241A-5H-4 123-133   [20692],NOT GIVEN [20692],VOL,60.66,0.4489,17.22,,,3.44,0.3978,1.51,0.0994,4.99,5.6,0.1014,,,,,,,,,,,,,,,,,,,,,,,,,,,,,,,,,,,,,,,,,,,,,,,,,,,,,,,,,,,,,,,,,,,,,,,,,,,
SUBMARINE RIDGE,COCOS RIDGE / COCOS RIDGE / SITE 1241,5.8428,-86.4447,SAQ,s_202-1241B- 5H 3 70-74 [20692],NOT GIVEN [20692],VOL,60.06,0.2713,15.54,,,3.76,1.0672,0.1499,0.1547,5.24,5.97,0.0359,10.13,,,,,,,,,,,,,9148.17,5.45,,,21.43,,,1.93,,,,,,,,,68.6,29.59,29.56,842.14,83.35,,,,,,,,,,,,0.637,44.78,44.65,82.35,9.31,34.88,7.13,0.402,5.73,0.95,5.89,1.18,3.41,0.468,3.89,0.563,15.49,4.67,,,,,,,,,3.78,,8.09,2.29
SUBMARINE RIDGE,COCOS RIDGE / COCOS RIDGE / SITE 1241,5.8428,-86.4447,SAQ,s_202-1241B- 5H 3 70-74 [20692],NOT GIVEN [20692],VOL,60.43,0.3017,16.42,,,3.46,1.1763,0.2365,0.154,5.34,5.92,0.0669,8.36,,,,,,,,,,,,,9148.17,3.51,,,12.48,,,0.986,,,,,,,,,52.4,59.97,24.22,531.8,64.35,,,,,,,,,,,,0.469,395,38.36,72.18,8.47,32.17,6.05,1.43,4.98,0.773,4.39,0.897,2.78,0.327,2.62,0.363,10.13,3.74,,,,,,,,,3.23,,6.5,1.8
SUBMARINE RIDGE,COCOS RIDGE / COCOS RIDGE / SITE 1241,5.8428,-86.4447,SAQ,s_202-1241B- 5H 3 70-74 [20692],NOT GIVEN [20692],VOL,61.1,0.4073,16.38,,,4.31,1.2589,0.3756,0.05,5.29,5.84,0.09,,,,,,,,,,,,,,,,,,,,,,,,,,,,,,,,,,,,,,,,,,,,,,,,,,,,,,,,,,,,,,,,,,,,,,,,,,,
SUBMARINE RIDGE,COCOS RIDGE / COCOS RIDGE / SITE 1241,5.8428,-86.4447,SAQ,s_202-1241B- 5H 3 70-74 [20692],NOT GIVEN [20692],VOL,60.73,0.3265,15.91,,,3.62,1.2388,0.2518,0.1539,5.24,6.03,0.1175,,,,,,,,,,,,,,,,,,,,,,,,,,,,,,,,,,,,,,,,,,,,,,,,,,,,,,,,,,,,,,,,,,,,,,,,,,,
SUBMARINE RIDGE,COCOS RIDGE / COCOS RIDGE / SITE 1241,5.8428,-86.4447,SAQ,s_202-1241B- 5H 3 70-74 [20692],NOT GIVEN [20692],VOL,59.44,0.2919,16.56,,,3.46,1.0721,0.1845,0.1136,5.29,6.04,0.0326,,,,,,,,,,,,,,,,,,,,,,,,,,,,,,,,,,,,,,,,,,,,,,,,,,,,,,,,,,,,,,,,,,,,,,,,,,,
SUBMARINE RIDGE,COCOS RIDGE / COCOS RIDGE / SITE 1241,5.8428,-86.4447,SAQ,s_202-1241B- 5H 3 70-74 [20692],NOT GIVEN [20692],VOL,58.64,0.6132,16.56,,,3.72,1.84,0.6282,0.1411,5.13,5.92,0.1715,,,,,,,,,,,,,,,,,,,,,,,,,,,,,,,,,,,,,,,,,,,,,,,,,,,,,,,,,,,,,,,,,,,,,,,,,,,
SUBMARINE RIDGE,COCOS RIDGE / COCOS RIDGE / SITE 1241,5.8428,-86.4447,SAQ,s_202-1241B- 5H 3 70-74 [20692],NOT GIVEN [20692],VOL,60.84,0.3925,16.26,,,3.55,1.2335,0.2844,0.1079,5.36,6.01,0.0961,,,,,,,,,,,,,,,,,,,,,,,,,,,,,,,,,,,,,,,,,,,,,,,,,,,,,,,,,,,,,,,,,,,,,,,,,,,
SUBMARINE RIDGE,COCOS RIDGE / COCOS RIDGE / SITE 1241,5.8428,-86.4447,SAQ,s_202-1241B- 5H 3 70-74 [20692],NOT GIVEN [20692],VOL,60.46,0.3208,15.84,,,3.77,1.0861,0.1661,0.2011,5.12,5.76,0.0453,,,,,,,,,,,,,,,,,,,,,,,,,,,,,,,,,,,,,,,,,,,,,,,,,,,,,,,,,,,,,,,,,,,,,,,,,,,
SUBMARINE RIDGE,COCOS RIDGE / COCOS RIDGE / SITE 1241,5.8428,-86.4447,SAQ,s_202-1241B- 5H 3 70-74 [20692],NOT GIVEN [20692],VOL,60.31,0.3817,16.53,,,3.01,1.2241,0.3077,0.1148,5.62,5.96,0.0613,,,,,,,,,,,,,,,,,,,,,,,,,,,,,,,,,,,,,,,,,,,,,,,,,,,,,,,,,,,,,,,,,,,,,,,,,,,
SUBMARINE RIDGE,COCOS RIDGE / COCOS RIDGE / SITE 1241,5.8428,-86.4447,SAQ,s_202-1241B- 5H 3 70-74 [20692],NOT GIVEN [20692],VOL,61.21,0.3144,16.79,,,3.64,1.0775,0.2526,0.0863,5.37,6.26,0.0663,,,,,,,,,,,,,,,,,,,,,,,,,,,,,,,,,,,,,,,,,,,,,,,,,,,,,,,,,,,,,,,,,,,,,,,,,,,
SUBMARINE RIDGE,COCOS RIDGE / COCOS RIDGE / SITE 1241,5.8428,-86.4447,SAQ,s_202-1241B- 5H 3 70-74 [20692],NOT GIVEN [20692],VOL,59.11,0.4139,16.17,,,4.02,1.3839,0.3321,0.1684,5.05,6.03,0.1505,,,,,,,,,,,,,,,,,,,,,,,,,,,,,,,,,,,,,,,,,,,,,,,,,,,,,,,,,,,,,,,,,,,,,,,,,,,
SUBMARINE RIDGE,COCOS RIDGE / COCOS RIDGE / SITE 1241,5.8428,-86.4447,SAQ,s_202-1241B- 5H 3 70-74 [20692],NOT GIVEN [20692],VOL,59.68,0.3434,16.38,,,3.32,1.1639,0.2479,0.1573,5.36,6.14,0.0617,,,,,,,,,,,,,,,,,,,,,,,,,,,,,,,,,,,,,,,,,,,,,,,,,,,,,,,,,,,,,,,,,,,,,,,,,,,
SUBMARINE RIDGE,COCOS RIDGE / COCOS RIDGE / SITE 1241,5.8428,-86.4447,SAQ,s_202-1241B- 5H 3 70-74 [20692],NOT GIVEN [20692],VOL,61.48,0.2667,16.04,,,3.66,1.2203,0.1629,0.176,5.14,6.23,0.0701,,,,,,,,,,,,,,,,,,,,,,,,,,,,,,,,,,,,,,,,,,,,,,,,,,,,,,,,,,,,,,,,,,,,,,,,,,,
SUBMARINE RIDGE,COCOS RIDGE / COCOS RIDGE / SITE 1241,5.8428,-86.4447,SAQ,s_202-1241B-5H-4-15-20   [20692],NOT GIVEN [20692],VOL,63.0139,0.2356,16.0032,,,3.37,0.981,0.1371,0.1601,5.28,6.28,0.0297,,,,,,,,,,,,,,,,,,,,,,,,,,,,,,,,,,,,,,,,,,,,,,,,,,,,,,,,,,,,,,,,,,,,,,,,,,,
SUBMARINE RIDGE,COCOS RIDGE / COCOS RIDGE / SITE 1241,5.8428,-86.4447,SAQ,s_202-1241B-5H-4-15-20   [20692],NOT GIVEN [20692],VOL,61.6201,0.2099,15.5424,,,3.71,0.7657,0.0892,0.1876,4.79,7.3,0.0291,,,,,,,,,,,,,,,,,,,,,,,,,,,,,,,,,,,,,,,,,,,,,,,,,,,,,,,,,,,,,,,,,,,,,,,,,,,
SUBMARINE RIDGE,COCOS RIDGE / COCOS RIDGE / SITE 1241,5.8428,-86.4447,SAQ,s_202-1241B-5H-4-15-20   [20692],NOT GIVEN [20692],VOL,62.5998,0.2793,15.9072,,,3.91,0.9615,0.1334,0.1341,5.26,6.49,0.0811,,,,,,,,,,,,,,,,,,,,,,,,,,,,,,,,,,,,,,,,,,,,,,,,,,,,,,,,,,,,,,,,,,,,,,,,,,,
SUBMARINE RIDGE,COCOS RIDGE / COCOS RIDGE / SITE 1241,5.8428,-86.4447,SAQ,s_202-1241B-5H-4-15-20   [20692],NOT GIVEN [20692],VOL,60.8121,0.4472,16.3392,,,4.2,1.1931,0.334,0.2042,5.21,6.87,0.0932,,,,,,,,,,,,,,,,,,,,,,,,,,,,,,,,,,,,,,,,,,,,,,,,,,,,,,,,,,,,,,,,,,,,,,,,,,,
SUBMARINE RIDGE,COCOS RIDGE / COCOS RIDGE / SITE 1241,5.8428,-86.4447,SAQ,s_202-1241B-5H-4-15-20   [20692],NOT GIVEN [20692],VOL,61.307,0.2172,15.4656,,,4.14,0.7629,0.0883,0.2698,4.67,7.41,0.0151,,,,,,,,,,,,,,,,,,,,,,,,,,,,,,,,,,,,,,,,,,,,,,,,,,,,,,,,,,,,,,,,,,,,,,,,,,,
SUBMARINE RIDGE,COCOS RIDGE / COCOS RIDGE / SITE 1241,5.8428,-86.4447,SAQ,s_202-1241B-5H-4-15-20   [20692],NOT GIVEN [20692],VOL,61.8524,0.3787,16.0128,,,3.52,0.9647,0.2535,0.2063,5.35,6.25,0.0783,,,,,,,,,,,,,,,,,,,,,,,,,,,,,,,,,,,,,,,,,,,,,,,,,,,,,,,,,,,,,,,,,,,,,,,,,,,
SUBMARINE RIDGE,COCOS RIDGE / COCOS RIDGE / SITE 1241,5.8428,-86.4447,SAQ,s_202-1241B-5H-4-15-20   [20692],NOT GIVEN [20692],VOL,64.3774,0.1765,16.4736,,,2.53,0.9587,0.1178,0.0569,5.57,6.67,0.0135,,,,,,,,,,,,,,,,,,,,,,,,,,,,,,,,,,,,,,,,,,,,,,,,,,,,,,,,,,,,,,,,,,,,,,,,,,,
SUBMARINE RIDGE,COCOS RIDGE / COCOS RIDGE / SITE 1241,5.8428,-86.4447,SAQ,s_202-1241B-5H-4-15-20   [20692],NOT GIVEN [20692],VOL,60.9636,0.2378,16.368,,,2.69,1.016,0.2596,0.1278,5.42,5.8,0.0538,,,,,,,,,,,,,,,,,,,,,,,,,,,,,,,,,,,,,,,,,,,,,,,,,,,,,,,,,,,,,,,,,,,,,,,,,,,
SUBMARINE RIDGE,COCOS RIDGE / COCOS RIDGE / SITE 1241,5.8428,-86.4447,SAQ,s_202-1241B-5H-4-15-20   [20692],NOT GIVEN [20692],VOL,60.5798,0.4045,16.0128,,,3.21,1.1443,0.3188,0.1636,5.39,6.07,0.0509,,,,,,,,,,,,,,,,,,,,,,,,,,,,,,,,,,,,,,,,,,,,,,,,,,,,,,,,,,,,,,,,,,,,,,,,,,,
SUBMARINE RIDGE,COCOS RIDGE / COCOS RIDGE / SITE 1241,5.8428,-86.4447,SAQ,s_202-1241B-5H-4-15-20   [20692],NOT GIVEN [20692],VOL,60.3071,0.2537,15.84,,,3.92,0.8884,0.1321,0.1931,4.8,6.7,0.0432,,,,,,,,,,,,,,,,,,,,,,,,,,,,,,,,,,,,,,,,,,,,,,,,,,,,,,,,,,,,,,,,,,,,,,,,,,,
SUBMARINE RIDGE,COCOS RIDGE / COCOS RIDGE / SITE 1241,5.8428,-86.4447,SAQ,s_202-1241B-5H-4-15-20   [20692],NOT GIVEN [20692],VOL,62.5796,0.2405,15.0816,,,3.93,0.7489,0.1703,0.2429,5.09,6.25,0.0577,,,,,,,,,,,,,,,,,,,,,,,,,,,,,,,,,,,,,,,,,,,,,,,,,,,,,,,,,,,,,,,,,,,,,,,,,,,
SUBMARINE RIDGE,COCOS RIDGE / COCOS RIDGE / SITE 1241,5.8428,-86.4447,SAQ,s_202-1241B-5H-4  5-21   [20692],NOT GIVEN [20692],VOL,61.97,0.1645,16.16,,,3.87,0.0044,0.5937,0.1601,4.61,5.76,0.0195,19.27423521,,,,,,,,,,,,,8105.08451,5.250198179,1825.322446,0.754731183,3.298694384,1276.730079,,0.746378349,,1253.071164,86969.3025,49.93815912,,,,,124.1695912,33.02453903,59.98188028,1036.457149,170.3119044,,,,,,,,5.497980418,,,,1.540239338,326.3488643,90.93116067,183.4337538,19.88330389,70.07659738,12.78371762,1.540705931,10.96631999,1.571067108,11.52410998,1.772289278,4.930305931,0.838191888,6.090100716,1.07520188,22.76901696,10.59543889,,,,,,,,,7.240236039,,14.71932363,3.869152737
SUBMARINE RIDGE,COCOS RIDGE / COCOS RIDGE / SITE 1241,5.8428,-86.4447,SAQ,s_202-1241B-5H-4  5-21   [20692],NOT GIVEN [20692],VOL,61.11,0.2221,16.57,,,3.7,0.0841,0.7863,0.1504,4.99,5.28,0.0476,33.27572819,,,,,,,,,,,,,4994.483779,3.55457245,1325.38707,2.213315119,4.839547463,1325.406013,,6.11E-02,,1.550698181,76547.366,37.58540118,,,,,171.3440225,18.34952342,55.92055016,1053.65373,261.446054,,,,,,,,9.155848279,,,,1.725639857,27.69536887,108.6752033,229.6132602,23.95921611,73.06628359,12.75407984,0.594614268,11.1706631,1.860886161,11.27058726,2.687436503,6.732113214,0.951904226,6.625186326,0.776953369,22.96825173,12.42599074,,,,,,,,,8.655295695,,17.24789474,7.052018552
SUBMARINE RIDGE,COCOS RIDGE / COCOS RIDGE / SITE 1241,5.8428,-86.4447,SAQ,s_202-1241B-5H-4  5-21   [20692],NOT GIVEN [20692],VOL,61.46,0.342,17.63,,,3.13,0.2671,1.038,0.166,5.27,5.27,0.0389,14.17815298,,,,,,,,,,,,,6225.642754,6.048276534,2508.283359,1.327398091,3.648755385,1297.130426,,0.542672926,,1474.769869,83865.55729,360.9627769,,,,,87.41667314,5.39779589,30.72891487,577.0106504,110.1394602,,,,,,,,4.847670692,,,,0.577391282,360.585989,50.84043379,119.0030769,12.0767479,42.49074933,7.56148091,1.897629444,6.431806991,0.899121318,5.793507153,1.413954796,3.439755912,0.386441371,3.831778396,0.566247198,11.98801735,5.609490634,,,,,,,,,4.266133088,,6.871939219,2.471263127
SUBMARINE RIDGE,COCOS RIDGE / COCOS RIDGE / SITE 1241,5.8428,-86.4447,SAQ,s_202-1241B-5H-4  5-21   [20692],NOT GIVEN [20692],VOL,60.66,0.4102,16.86,,,3.69,0.3284,1.1396,0.1875,5.12,5.07,0.1141,16.64030848,,,,,,,,,,,,,5310.31455,5.510654527,1676.876495,0,16.83789674,1310.229191,,0,,585.2086189,82147.66346,41.00570423,,,,,103.6572506,0,36.66748778,729.445398,142.1464572,,,,,,,,4.911587876,,,,0.595325676,188.1684767,62.96696198,136.8570864,13.95114229,46.53716928,9.511982335,1.484258366,9.161408601,1.136670564,7.529807962,1.620271543,3.423321844,0.531695137,3.885617664,0.625896301,14.31832652,7.557039599,,,,,,,,,4.576615779,,9.546591304,3.40440117
SUBMARINE RIDGE,COCOS RIDGE / COCOS RIDGE / SITE 1241,5.8428,-86.4447,SAQ,s_202-1241B-5H-4  5-21   [20692],NOT GIVEN [20692],VOL,60.59,0.4366,17.02,,,3.84,0.2888,1.0986,0.0281,5.51,4.92,0.1084,,,,,,,,,,,,,,,,,,,,,,,,,,,,,,,,,,,,,,,,,,,,,,,,,,,,,,,,,,,,,,,,,,,,,,,,,,,
SUBMARINE RIDGE,COCOS RIDGE / COCOS RIDGE / SITE 1241,5.8428,-86.4447,SAQ,s_202-1241B-5H-4  5-21   [20692],NOT GIVEN [20692],VOL,60.98,0.2716,15.74,,,4.88,0.0683,0.8404,0.1781,4.98,4.63,0.0215,,,,,,,,,,,,,,,,,,,,,,,,,,,,,,,,,,,,,,,,,,,,,,,,,,,,,,,,,,,,,,,,,,,,,,,,,,,
SUBMARINE RIDGE,COCOS RIDGE / COCOS RIDGE / SITE 1241,5.8428,-86.4447,SAQ,s_202-1241B-5H-4  5-21   [20692],NOT GIVEN [20692],VOL,61.96,0.159,16.15,,,3.54,0,0.64,0.2056,4.67,5.64,0.0051,,,,,,,,,,,,,,,,,,,,,,,,,,,,,,,,,,,,,,,,,,,,,,,,,,,,,,,,,,,,,,,,,,,,,,,,,,,
SUBMARINE RIDGE,COCOS RIDGE / COCOS RIDGE / SITE 1241,5.8428,-86.4447,SAQ,s_202-1241B-5H-4  5-21   [20692],NOT GIVEN [20692],VOL,61.24,0.4429,17.07,,,3.77,0.3625,1.1849,0.1708,5.23,4.91,0.0992,,,,,,,,,,,,,,,,,,,,,,,,,,,,,,,,,,,,,,,,,,,,,,,,,,,,,,,,,,,,,,,,,,,,,,,,,,,
SUBMARINE RIDGE,COCOS RIDGE / COCOS RIDGE / SITE 1241,5.8428,-86.4447,SAQ,s_202-1241B-5H-4  5-21   [20692],NOT GIVEN [20692],VOL,61.81,0.2955,16.94,,,3.31,0.1742,0.9966,0.1057,4.9,5.16,0.0548,,,,,,,,,,,,,,,,,,,,,,,,,,,,,,,,,,,,,,,,,,,,,,,,,,,,,,,,,,,,,,,,,,,,,,,,,,,
SUBMARINE RIDGE,COCOS RIDGE / COCOS RIDGE / SITE 1241,5.8428,-86.4447,SAQ,s_202-1241B-5H-4  5-21   [20692],NOT GIVEN [20692],VOL,61.41,0.4216,17.2,,,3.61,0.2621,1.2696,0.1598,5.19,5.06,0.0899,,,,,,,,,,,,,,,,,,,,,,,,,,,,,,,,,,,,,,,,,,,,,,,,,,,,,,,,,,,,,,,,,,,,,,,,,,,
SUBMARINE RIDGE,COCOS RIDGE / COCOS RIDGE / SITE 1241,5.8428,-86.4447,SAQ,s_202-1241B-5H-4  5-21   [20692],NOT GIVEN [20692],VOL,61.19,0.3979,16.89,,,3.91,0.2663,1.0344,0.103,5.04,5.25,0.0665,,,,,,,,,,,,,,,,,,,,,,,,,,,,,,,,,,,,,,,,,,,,,,,,,,,,,,,,,,,,,,,,,,,,,,,,,,,
SUBMARINE RIDGE,COCOS RIDGE / COCOS RIDGE / SITE 1241,5.8428,-86.4447,SAQ,s_202-1241B-5H-4  5-21   [20692],NOT GIVEN [20692],VOL,60.73,0.353,17.05,,,3.76,0.2453,1.0382,0.174,5.31,5,0.0941,,,,,,,,,,,,,,,,,,,,,,,,,,,,,,,,,,,,,,,,,,,,,,,,,,,,,,,,,,,,,,,,,,,,,,,,,,,
SUBMARINE RIDGE,COCOS RIDGE / COCOS RIDGE / SITE 1241,5.8428,-86.4447,SAQ,s_202-1241B-5H-4  5-21   [20692],NOT GIVEN [20692],VOL,60.73,0.4326,17.13,,,3.64,0.3072,1.1244,0.1794,5.25,4.88,0.0599,,,,,,,,,,,,,,,,,,,,,,,,,,,,,,,,,,,,,,,,,,,,,,,,,,,,,,,,,,,,,,,,,,,,,,,,,,,
SUBMARINE RIDGE,COCOS RIDGE / COCOS RIDGE / SITE 1241,5.8428,-86.4447,SAQ,s_202-1241B-5H-4  5-21   [20692],NOT GIVEN [20692],VOL,61.45,0.4533,17.27,,,3.22,0.3525,1.1345,0.1948,5.38,5.69,0.044,,,,,,,,,,,,,,,,,,,,,,,,,,,,,,,,,,,,,,,,,,,,,,,,,,,,,,,,,,,,,,,,,,,,,,,,,,,
SUBMARINE RIDGE,COCOS RIDGE / COCOS RIDGE / SITE 1241,5.8428,-86.4447,SAQ,s_202-1241B-5H-4  5-21   [20692],NOT GIVEN [20692],VOL,61.64,0.3936,17.21,,,3.53,0.2521,1.1087,0.2048,5.06,5.27,0.0809,,,,,,,,,,,,,,,,,,,,,,,,,,,,,,,,,,,,,,,,,,,,,,,,,,,,,,,,,,,,,,,,,,,,,,,,,,,
SUBMARINE RIDGE,COCOS RIDGE / COCOS RIDGE / SITE 1241,5.8428,-86.4447,SAQ,s_202-1241C-2H-6-42-49   [20692],NOT GIVEN [20692],VOL,60.2768,0.3417,15.3696,,,3.19,0.8518,0.2458,0.1864,5.92,5.35,0.067,9.38,,,,,,,,,,,,,6718.19,4.94,,,28.47,,,0.882,,,,,,,,,86.28,14.62,45.81,989.71,132.39,,,,,,,,,,,,0.812,163.51,74.39,127.91,14.77,55.64,10.93,1.361,9.03,1.405,8.43,1.8,4.91,0.688,4.62,0.712,20.38,7.42,,,,,,,,,5.36,,12.59,3.16
SUBMARINE RIDGE,COCOS RIDGE / COCOS RIDGE / SITE 1241,5.8428,-86.4447,SAQ,s_202-1241C-2H-6-42-49   [20692],NOT GIVEN [20692],VOL,62.1655,0.1726,15.5424,,,3.7,0.7208,0.002,0.1608,4.6,7.73,0.0263,,,,,,,,,,,,,,,,,,,,,,,,,,,,,,,,,,,,,,,,,,,,,,,,,,,,,,,,,,,,,,,,,,,,,,,,,,,
SUBMARINE RIDGE,COCOS RIDGE / COCOS RIDGE / SITE 1241,5.8428,-86.4447,SAQ,s_202-1241C-2H-6-42-49   [20692],NOT GIVEN [20692],VOL,60.3273,0.1697,15.1584,,,3.74,0.6882,0.028,0.2285,4.62,7.28,0.0006,,,,,,,,,,,,,,,,,,,,,,,,,,,,,,,,,,,,,,,,,,,,,,,,,,,,,,,,,,,,,,,,,,,,,,,,,,,
SUBMARINE RIDGE,COCOS RIDGE / COCOS RIDGE / SITE 1241,5.8428,-86.4447,SAQ,s_202-1241C-2H-6-42-49   [20692],NOT GIVEN [20692],VOL,60.8828,0.3816,16.224,,,3.46,1.1253,0.2838,0.1339,5.48,6.36,0.0491,,,,,,,,,,,,,,,,,,,,,,,,,,,,,,,,,,,,,,,,,,,,,,,,,,,,,,,,,,,,,,,,,,,,,,,,,,,
SUBMARINE RIDGE,COCOS RIDGE / COCOS RIDGE / SITE 1241,5.8428,-86.4447,SAQ,s_202-1241C-2H-6-42-49   [20692],NOT GIVEN [20692],VOL,60.4485,0.4025,16.5792,,,3.69,1.1981,0.3626,0.1553,5.26,6.15,0.1228,,,,,,,,,,,,,,,,,,,,,,,,,,,,,,,,,,,,,,,,,,,,,,,,,,,,,,,,,,,,,,,,,,,,,,,,,,,
SUBMARINE RIDGE,COCOS RIDGE / COCOS RIDGE / SITE 1241,5.8428,-86.4447,SAQ,s_202-1241C-2H-6-42-49   [20692],NOT GIVEN [20692],VOL,60.1152,0.1775,15.408,,,3.99,0.6908,0.0197,0.2488,4.68,7.87,0.0213,,,,,,,,,,,,,,,,,,,,,,,,,,,,,,,,,,,,,,,,,,,,,,,,,,,,,,,,,,,,,,,,,,,,,,,,,,,
SUBMARINE RIDGE,COCOS RIDGE / COCOS RIDGE / SITE 1241,5.8428,-86.4447,SAQ,s_202-1241C-2H-6-42-49   [20692],NOT GIVEN [20692],VOL,61.9433,0.2114,16.08,,,3.32,0.9324,0.0962,0.1504,5.27,6.69,0.0537,,,,,,,,,,,,,,,,,,,,,,,,,,,,,,,,,,,,,,,,,,,,,,,,,,,,,,,,,,,,,,,,,,,,,,,,,,,
SUBMARINE RIDGE,COCOS RIDGE / COCOS RIDGE / SITE 1241,5.8428,-86.4447,SAQ,s_202-1241C-2H-6-42-49   [20692],NOT GIVEN [20692],VOL,61.1252,0.1962,15.7248,,,4.26,0.7296,0.0529,0.2283,4.55,7.34,0.0431,,,,,,,,,,,,,,,,,,,,,,,,,,,,,,,,,,,,,,,,,,,,,,,,,,,,,,,,,,,,,,,,,,,,,,,,,,,
SUBMARINE RIDGE,COCOS RIDGE / COCOS RIDGE / SITE 1241,5.8428,-86.4447,SAQ,s_202-1241C-2H-6-42-49   [20692],NOT GIVEN [20692],VOL,63.1755,0.2346,15.7728,,,3.31,0.9114,0.1089,0.2083,5.15,6.41,0.0426,,,,,,,,,,,,,,,,,,,,,,,,,,,,,,,,,,,,,,,,,,,,,,,,,,,,,,,,,,,,,,,,,,,,,,,,,,,
SUBMARINE RIDGE,COCOS RIDGE / COCOS RIDGE / SITE 1241,5.8428,-86.4447,SAQ,s_202-1241C-2H-6-42-49   [20692],NOT GIVEN [20692],VOL,61.0646,0.3403,16.224,,,3.11,1.0141,0.217,0.1333,5.17,6.28,0.0263,,,,,,,,,,,,,,,,,,,,,,,,,,,,,,,,,,,,,,,,,,,,,,,,,,,,,,,,,,,,,,,,,,,,,,,,,,,
SUBMARINE RIDGE,COCOS RIDGE / COCOS RIDGE / SITE 1241,5.8428,-86.4447,SAQ,s_202-1241C-2H-7-12   [20692],NOT GIVEN [20692],VOL,60.9434,0.2785,16.3296,,,3.73,0.9719,0.1587,0.1933,5.2,6.63,0.0654,7.83,,,,,,,,,,,,,7218.48,2.32,,,0,,,2.04,,,,,,,,,77.65,76.36,17.26,533.59,77.53,,,,,,,,,,,,0.834,379.75,40.88,74,7.69,26.25,4.19,1.117,3.44,0.49,3.28,0.645,1.84,0.218,2.14,0.315,10.47,4.81,,,,,,,,,4.54,,8.58,2.48
SUBMARINE RIDGE,COCOS RIDGE / COCOS RIDGE / SITE 1241,5.8428,-86.4447,SAQ,s_202-1241C-2H-7-12   [20692],NOT GIVEN [20692],VOL,60.0647,0.2249,16.1088,,,3.5,0.962,0.1535,0.0982,5.1,6.25,0.0117,11.47,,,,,,,,,,,,,7218.48,3.2,,,11.79,,,0.344,,,,,,,,,86.64,19.78,32.25,770.23,114.59,,,,,,,,,,,,0.772,796.47,62.16,111.93,11.73,41.79,7.81,1.84,5.53,0.983,5.9,1.126,3.37,0.453,3.32,0.499,15.34,6.25,,,,,,,,,5.2,,9.75,2.67
SUBMARINE RIDGE,COCOS RIDGE / COCOS RIDGE / SITE 1241,5.8428,-86.4447,SAQ,s_202-1241C-2H-7-12   [20692],NOT GIVEN [20692],VOL,62.1655,0.3381,16.224,,,3.86,1.0403,0.2126,0.2096,5.43,6.08,0.0845,,,,,,,,,,,,,,,,,,,,,,,,,,,,,,,,,,,,,,,,,,,,,,,,,,,,,,,,,,,,,,,,,,,,,,,,,,,
SUBMARINE RIDGE,COCOS RIDGE / COCOS RIDGE / SITE 1241,5.8428,-86.4447,SAQ,s_202-1241C-2H-7-12   [20692],NOT GIVEN [20692],VOL,63.2563,0.2427,16.2144,,,3.63,0.9572,0.1382,0.1487,5.32,6.55,0.0168,,,,,,,,,,,,,,,,,,,,,,,,,,,,,,,,,,,,,,,,,,,,,,,,,,,,,,,,,,,,,,,,,,,,,,,,,,,
SUBMARINE RIDGE,COCOS RIDGE / COCOS RIDGE / SITE 1241,5.8428,-86.4447,SAQ,s_202-1241C-2H-7-12   [20692],NOT GIVEN [20692],VOL,61.6302,0.2054,15.936,,,3.12,0.9128,0.0924,0.2335,5.03,6.8,0.0527,,,,,,,,,,,,,,,,,,,,,,,,,,,,,,,,,,,,,,,,,,,,,,,,,,,,,,,,,,,,,,,,,,,,,,,,,,,
SUBMARINE RIDGE,COCOS RIDGE / COCOS RIDGE / SITE 1241,5.8428,-86.4447,SAQ,s_202-1241C-2H-7-12   [20692],NOT GIVEN [20692],VOL,59.6506,0.2769,16.0416,,,3.87,0.9384,0.1348,0.1639,5.08,6.47,0.033,,,,,,,,,,,,,,,,,,,,,,,,,,,,,,,,,,,,,,,,,,,,,,,,,,,,,,,,,,,,,,,,,,,,,,,,,,,
SUBMARINE RIDGE,COCOS RIDGE / COCOS RIDGE / SITE 1241,5.8428,-86.4447,SAQ,s_202-1241C-2H-7-12   [20692],NOT GIVEN [20692],VOL,61.0141,0.337,16.0416,,,3.33,0.9653,0.2012,0.25,5.24,6.6,0.0481,,,,,,,,,,,,,,,,,,,,,,,,,,,,,,,,,,,,,,,,,,,,,,,,,,,,,,,,,,,,,,,,,,,,,,,,,,,
SUBMARINE RIDGE,COCOS RIDGE / COCOS RIDGE / SITE 1241,5.8428,-86.4447,SAQ,s_202-1241C-2H-7-12   [20692],NOT GIVEN [20692],VOL,62.2564,0.27,16.1088,,,3.51,0.9828,0.148,0.1867,5.13,6.59,0.0028,,,,,,,,,,,,,,,,,,,,,,,,,,,,,,,,,,,,,,,,,,,,,,,,,,,,,,,,,,,,,,,,,,,,,,,,,,,
SUBMARINE RIDGE,COCOS RIDGE / COCOS RIDGE / SITE 1241,5.8428,-86.4447,SAQ,s_202-1241C-2H-7-12   [20692],NOT GIVEN [20692],VOL,63.4886,0.1503,16.1184,,,3.21,0.8105,0.06,0.1654,4.88,6.96,0.0309,,,,,,,,,,,,,,,,,,,,,,,,,,,,,,,,,,,,,,,,,,,,,,,,,,,,,,,,,,,,,,,,,,,,,,,,,,,
SUBMARINE RIDGE,COCOS RIDGE / COCOS RIDGE / SITE 1241,5.8428,-86.4447,SAQ,s_202-1241C-2H-7-12   [20692],NOT GIVEN [20692],VOL,61.6403,0.2372,16.1088,,,3.63,0.9621,0.1177,0.1458,5.19,6.7,0.043,,,,,,,,,,,,,,,,,,,,,,,,,,,,,,,,,,,,,,,,,,,,,,,,,,,,,,,,,,,,,,,,,,,,,,,,,,,
SUBMARINE RIDGE,COCOS RIDGE / COCOS RIDGE / SITE 1241,5.8428,-86.4447,SAQ,s_202-1241C-2H-7-12   [20692],NOT GIVEN [20692],VOL,62.2564,0.2664,15.9072,,,3.27,0.9759,0.1171,0.1942,5.11,6.22,0.0157,,,,,,,,,,,,,,,,,,,,,,,,,,,,,,,,,,,,,,,,,,,,,,,,,,,,,,,,,,,,,,,,,,,,,,,,,,,
SUBMARINE RIDGE,COCOS RIDGE / COCOS RIDGE / SITE 1241,5.8428,-86.4447,SAQ,s_202-1241C-2H-7-12   [20692],NOT GIVEN [20692],VOL,60.3778,0.264,16.0416,,,3.51,0.9656,0.1653,0.2547,5.14,6.78,0.0761,,,,,,,,,,,,,,,,,,,,,,,,,,,,,,,,,,,,,,,,,,,,,,,,,,,,,,,,,,,,,,,,,,,,,,,,,,,
SUBMARINE RIDGE,COCOS RIDGE / COCOS RIDGE / SITE 1241,5.8428,-86.4447,SAQ,s_202-1241B-5H-5-37-43   [20692],NOT GIVEN [20692],VOL,62.1453,0.3031,16.08,,,3.74,0.9665,0.1708,0.1455,5.22,6.51,0.0274,20.69,,,,,,,,,,,,,7289.95,4.26,,,10.44,,,0.127,,,,,,,,,127.2,3.51,44.98,1057.29,176.66,,,,,,,,,,,,1.308,168.73,85.92,164.39,17.48,58.74,10.79,1.216,8.69,1.362,8.63,1.67,5.05,0.76,5.13,0.712,21.91,10.18,,,,,,,,,6.94,,15.13,4.17
SUBMARINE RIDGE,COCOS RIDGE / COCOS RIDGE / SITE 1241,5.8428,-86.4447,SAQ,s_202-1241B-5H-5-37-43   [20692],NOT GIVEN [20692],VOL,62.5897,0.2536,15.4944,,,3.89,0.9741,0.1873,0.2138,5.5,6.16,0.0346,19.11,,,,,,,,,,,,,7289.95,4.88,,,0,,,0.287,,,,,,,,,121.46,6.5,44.1,1070.61,177.48,,,,,,,,,,,,1.34,339.22,82.1,164.19,16.32,56.76,10.19,1.31,7.88,1.28,8.3,1.66,4.52,0.732,5.5,0.7,22.17,9.59,,,,,,,,,7.22,,15.23,4.04
SUBMARINE RIDGE,COCOS RIDGE / COCOS RIDGE / SITE 1241,5.8428,-86.4447,SAQ,s_202-1241B-5H-5-37-43   [20692],NOT GIVEN [20692],VOL,60.6707,0.2508,16.224,,,3.53,0.968,0.1183,0.2241,5.29,6.39,0.0453,,,,,,,,,,,,,,,,,,,,,,,,,,,,,,,,,,,,,,,,,,,,,,,,,,,,,,,,,,,,,,,,,,,,,,,,,,,
SUBMARINE RIDGE,COCOS RIDGE / COCOS RIDGE / SITE 1241,5.8428,-86.4447,SAQ,s_202-1241B-5H-5-37-43   [20692],NOT GIVEN [20692],VOL,60.4485,0.2301,15.888,,,3.17,0.9694,0.1535,0.1612,5.18,6.47,0.0235,,,,,,,,,,,,,,,,,,,,,,,,,,,,,,,,,,,,,,,,,,,,,,,,,,,,,,,,,,,,,,,,,,,,,,,,,,,
SUBMARINE RIDGE,COCOS RIDGE / COCOS RIDGE / SITE 1241,5.8428,-86.4447,SAQ,s_202-1241B-5H-5-37-43   [20692],NOT GIVEN [20692],VOL,61.1555,0.2308,16.0128,,,3.55,0.9567,0.1598,0.1275,5.14,6.67,0.014,,,,,,,,,,,,,,,,,,,,,,,,,,,,,,,,,,,,,,,,,,,,,,,,,,,,,,,,,,,,,,,,,,,,,,,,,,,
SUBMARINE RIDGE,COCOS RIDGE / COCOS RIDGE / SITE 1241,5.8428,-86.4447,SAQ,s_202-1241B-5H-5-37-43   [20692],NOT GIVEN [20692],VOL,62.1049,0.262,16.2528,,,3.67,0.9686,0.1371,0.0982,5.14,6.17,0.0313,,,,,,,,,,,,,,,,,,,,,,,,,,,,,,,,,,,,,,,,,,,,,,,,,,,,,,,,,,,,,,,,,,,,,,,,,,,
SUBMARINE RIDGE,COCOS RIDGE / COCOS RIDGE / SITE 1241,5.8428,-86.4447,SAQ,s_202-1241B-5H-5-37-43   [20692],NOT GIVEN [20692],VOL,60.6606,0.1765,15.696,,,3.38,0.8466,0.1006,0.1958,4.84,6.42,0,,,,,,,,,,,,,,,,,,,,,,,,,,,,,,,,,,,,,,,,,,,,,,,,,,,,,,,,,,,,,,,,,,,,,,,,,,,
SUBMARINE RIDGE,COCOS RIDGE / COCOS RIDGE / SITE 1241,5.8428,-86.4447,SAQ,s_202-1241B-5H-5-37-43   [20692],NOT GIVEN [20692],VOL,60.7818,0.2914,15.7248,,,3.6,1.1289,0.164,0.2079,5.39,6.13,0.0218,,,,,,,,,,,,,,,,,,,,,,,,,,,,,,,,,,,,,,,,,,,,,,,,,,,,,,,,,,,,,,,,,,,,,,,,,,,
SUBMARINE RIDGE,COCOS RIDGE / COCOS RIDGE / SITE 1241,5.8428,-86.4447,SAQ,s_202-1241B-5H-5-37-43   [20692],NOT GIVEN [20692],VOL,60.499,0.2437,15.8784,,,3.74,0.9505,0.1457,0.1916,5.19,6.43,0.0319,,,,,,,,,,,,,,,,,,,,,,,,,,,,,,,,,,,,,,,,,,,,,,,,,,,,,,,,,,,,,,,,,,,,,,,,,,,
SUBMARINE RIDGE,COCOS RIDGE / COCOS RIDGE / SITE 1241,5.8428,-86.4447,SAQ,s_202-1241B-5H-5-37-43   [20692],NOT GIVEN [20692],VOL,63.1957,0.1722,16.0416,,,3.24,0.84,0.0077,0.1871,4.89,6.53,0,,,,,,,,,,,,,,,,,,,,,,,,,,,,,,,,,,,,,,,,,,,,,,,,,,,,,,,,,,,,,,,,,,,,,,,,,,,
SUBMARINE RIDGE,COCOS RIDGE / COCOS RIDGE / SITE 1241,5.8428,-86.4447,SAQ,s_202-1241B-5H-5-37-43   [20692],NOT GIVEN [20692],VOL,59.8728,0.3012,16.224,,,3.53,1.045,0.1985,0.1727,5.13,6.69,0.0201,,,,,,,,,,,,,,,,,,,,,,,,,,,,,,,,,,,,,,,,,,,,,,,,,,,,,,,,,,,,,,,,,,,,,,,,,,,
SUBMARINE RIDGE,COCOS RIDGE / COCOS RIDGE / SITE 1241,5.8428,-86.4447,SAQ,s_202-1241B-5H-5-37-43   [20692],NOT GIVEN [20692],VOL,61.8019,0.1905,17.0112,,,2.25,0.8978,0.1495,0.1066,5.98,6.14,0.0313,,,,,,,,,,,,,,,,,,,,,,,,,,,,,,,,,,,,,,,,,,,,,,,,,,,,,,,,,,,,,,,,,,,,,,,,,,,
SUBMARINE RIDGE,COCOS RIDGE / COCOS RIDGE / SITE 1241,5.8428,-86.4447,SAQ,s_202-1241B-5H-5-37-43   [20692],NOT GIVEN [20692],VOL,59.5698,0.2711,16.032,,,3.45,0.9729,0.1468,0.1339,5.17,5.83,0.056,,,,,,,,,,,,,,,,,,,,,,,,,,,,,,,,,,,,,,,,,,,,,,,,,,,,,,,,,,,,,,,,,,,,,,,,,,,
SUBMARINE RIDGE,COCOS RIDGE / COCOS RIDGE / SITE 1241,5.8428,-86.4447,SAQ,s_202-1241B-5H-5-37-43   [20692],NOT GIVEN [20692],VOL,62.3271,0.2772,16.0992,,,3.62,0.9607,0.1402,0.1995,5.21,6.77,0.0369,,,,,,,,,,,,,,,,,,,,,,,,,,,,,,,,,,,,,,,,,,,,,,,,,,,,,,,,,,,,,,,,,,,,,,,,,,,
SUBMARINE RIDGE,COCOS RIDGE / COCOS RIDGE / SITE 1241,5.8428,-86.4447,SAQ,s_202-1241B-5H-5-72-74   [20692],NOT GIVEN [20692],VOL,62.3978,0.2845,16.1088,,,3.65,0.989,0.19,0.2246,5.24,6.47,0.0626,,,,,,,,,,,,,,,,,,,,,,,,,,,,,,,,,,,,,,,,,,,,,,,,,,,,,,,,,,,,,,,,,,,,,,,,,,,
SUBMARINE RIDGE,COCOS RIDGE / COCOS RIDGE / SITE 1241,5.8428,-86.4447,SAQ,s_202-1241B-5H-5-72-74   [20692],NOT GIVEN [20692],VOL,59.893,0.159,14.88,,,3.11,0.7952,0.0781,0.231,4.91,6.13,0.0084,,,,,,,,,,,,,,,,,,,,,,,,,,,,,,,,,,,,,,,,,,,,,,,,,,,,,,,,,,,,,,,,,,,,,,,,,,,
SUBMARINE RIDGE,COCOS RIDGE / COCOS RIDGE / SITE 1241,5.8428,-86.4447,SAQ,s_202-1241B-5H-5-72-74   [20692],NOT GIVEN [20692],VOL,62.4483,0.2607,16.2624,,,3.23,0.9983,0.1234,0.211,5.17,6.7,0.0207,,,,,,,,,,,,,,,,,,,,,,,,,,,,,,,,,,,,,,,,,,,,,,,,,,,,,,,,,,,,,,,,,,,,,,,,,,,
SUBMARINE RIDGE,COCOS RIDGE / COCOS RIDGE / SITE 1241,5.8428,-86.4447,SAQ,s_202-1241B-5H-5-72-74   [20692],NOT GIVEN [20692],VOL,62.62,0.2634,16.3488,,,3.23,0.9878,0.1599,0.2492,5.13,6.54,0.0039,,,,,,,,,,,,,,,,,,,,,,,,,,,,,,,,,,,,,,,,,,,,,,,,,,,,,,,,,,,,,,,,,,,,,,,,,,,
SUBMARINE RIDGE,COCOS RIDGE / COCOS RIDGE / SITE 1241,5.8428,-86.4447,SAQ,s_202-1241B-5H-5-72-74   [20692],NOT GIVEN [20692],VOL,63.1553,0.157,16.0704,,,3.4,0.8326,0.0032,0.2082,5,6.74,0.0398,,,,,,,,,,,,,,,,,,,,,,,,,,,,,,,,,,,,,,,,,,,,,,,,,,,,,,,,,,,,,,,,,,,,,,,,,,,
SUBMARINE RIDGE,COCOS RIDGE / COCOS RIDGE / SITE 1241,5.8428,-86.4447,SAQ,s_202-1241B-5H-5-72-74   [20692],NOT GIVEN [20692],VOL,62.6604,0.1796,16.032,,,3.26,0.7892,0.0232,0.1309,4.96,6.72,0,,,,,,,,,,,,,,,,,,,,,,,,,,,,,,,,,,,,,,,,,,,,,,,,,,,,,,,,,,,,,,,,,,,,,,,,,,,
SUBMARINE RIDGE,COCOS RIDGE / COCOS RIDGE / SITE 1241,5.8428,-86.4447,SAQ,s_202-1241B-5H-5-72-74   [20692],NOT GIVEN [20692],VOL,62.7816,0.2124,16.1376,,,3.52,0.844,0.0788,0.1563,5.23,6.41,0.0443,,,,,,,,,,,,,,,,,,,,,,,,,,,,,,,,,,,,,,,,,,,,,,,,,,,,,,,,,,,,,,,,,,,,,,,,,,,
SUBMARINE RIDGE,COCOS RIDGE / COCOS RIDGE / SITE 1241,5.8428,-86.4447,SAQ,s_202-1241B-5H-5-72-74   [20692],NOT GIVEN [20692],VOL,62.5897,0.2094,15.8304,,,3.02,0.8154,0.0786,0.1165,4.9,6.55,0.0483,,,,,,,,,,,,,,,,,,,,,,,,,,,,,,,,,,,,,,,,,,,,,,,,,,,,,,,,,,,,,,,,,,,,,,,,,,,
SUBMARINE RIDGE,COCOS RIDGE / COCOS RIDGE / SITE 1241,5.8428,-86.4447,SAQ,s_202-1241B-5H-5-72-74   [20692],NOT GIVEN [20692],VOL,62.7109,0.2003,16.4256,,,3.28,0.8285,0.0619,0.201,5.25,6.62,0.0219,,,,,,,,,,,,,,,,,,,,,,,,,,,,,,,,,,,,,,,,,,,,,,,,,,,,,,,,,,,,,,,,,,,,,,,,,,,
SUBMARINE RIDGE,COCOS RIDGE / COCOS RIDGE / SITE 1241,5.8428,-86.4447,SAQ,s_202-1241B-5H-5-72-74   [20692],NOT GIVEN [20692],VOL,63.0038,0.2082,15.9072,,,3.36,0.8651,0.0795,0.1429,5.15,6.62,0.0219,,,,,,,,,,,,,,,,,,,,,,,,,,,,,,,,,,,,,,,,,,,,,,,,,,,,,,,,,,,,,,,,,,,,,,,,,,,
SUBMARINE RIDGE,COCOS RIDGE / COCOS RIDGE / SITE 1241,5.8428,-86.4447,SAQ,s_202-1241B-5H-5-72-74   [20692],NOT GIVEN [20692],VOL,63.0543,0.1646,16.1856,,,2.92,0.8135,0.0399,0.1785,4.96,6.48,0,,,,,,,,,,,,,,,,,,,,,,,,,,,,,,,,,,,,,,,,,,,,,,,,,,,,,,,,,,,,,,,,,,,,,,,,,,,
SUBMARINE RIDGE,COCOS RIDGE / COCOS RIDGE / SITE 1241,5.8428,-86.4447,SAQ,s_202-1241B-5H-5-72-74   [20692],NOT GIVEN [20692],VOL,63.0341,0.1467,15.84,,,3.16,0.7671,0.031,0.2169,4.93,6.6,0.0562,,,,,,,,,,,,,,,,,,,,,,,,,,,,,,,,,,,,,,,,,,,,,,,,,,,,,,,,,,,,,,,,,,,,,,,,,,,
SUBMARINE RIDGE,COCOS RIDGE / COCOS RIDGE / SITE 1241,5.8428,-86.4447,SAQ,s_202-1241B-5H-5-72-74   [20692],NOT GIVEN [20692],VOL,63.024,0.1669,15.7056,,,3.22,0.8078,0.0503,0.2207,4.96,6.67,0.0107,,,,,,,,,,,,,,,,,,,,,,,,,,,,,,,,,,,,,,,,,,,,,,,,,,,,,,,,,,,,,,,,,,,,,,,,,,,
SUBMARINE RIDGE,COCOS RIDGE / COCOS RIDGE / SITE 1241,5.8428,-86.4447,SAQ,s_202-1241B-5H-5-72-74   [20692],NOT GIVEN [20692],VOL,63.3674,0.2749,16.1184,,,3.2,0.9643,0.167,0.1961,5.29,6.63,0.0515,,,,,,,,,,,,,,,,,,,,,,,,,,,,,,,,,,,,,,,,,,,,,,,,,,,,,,,,,,,,,,,,,,,,,,,,,,,
SUBMARINE RIDGE,COCOS RIDGE / COCOS RIDGE / SITE 1241,5.8428,-86.4447,SAQ,s_202-1241B-5H-5 68-73   [20692],NOT GIVEN [20692],VOL,62.08,0.2763,16.64,,,3.18,0.1192,0.9543,0.2437,5.49,5.17,0.0374,17.22067942,,,,,,,,,,,,,6584.458731,3.702588282,1816.851371,0,2.548252025,1358.938024,,0.221888586,,996.0582465,100.1801107,245.1443595,,,,,100.0087,9.096549932,27.01898299,646.4548411,117.1242412,,,,,,,,4.6358659,,,,0.974477668,391.3055545,53.99475288,121.6617285,11.00235471,37.01980592,6.058788231,1.228291109,5.483236358,0.712762722,4.75124444,0.77319596,2.448436014,0.392194641,3.240094608,0.373749434,12.07776577,6.711347976,,,,,,,,,4.297929464,,8.57984838,2.958354173
SUBMARINE RIDGE,COCOS RIDGE / COCOS RIDGE / SITE 1241,5.8428,-86.4447,SAQ,s_202-1241B-5H-5 68-73   [20692],NOT GIVEN [20692],VOL,60.28,0.1747,16.33,,,3,0.0594,0.7621,0.2705,5.07,5,0.0072,17.54789139,,,,,,,,,,,,,5244.828459,2.650817014,1622.205347,0,0,1261.689396,,4.05E-02,,784.935256,84698.64769,166.5731425,,,,,102.5216408,1.914034357,26.03976463,655.7483744,116.825642,,,,,,,,4.533064894,,,,0.783316027,183.4925388,51.20996114,116.4523507,10.68227766,35.63900156,6.632189366,0.840222376,5.302780381,0.715501971,4.81508548,0.872643738,2.450273828,0.35643296,2.866769127,0.434079751,13.34879085,6.111533321,,,,,,,,,6.112873597,,8.569639959,3.21936353
SUBMARINE RIDGE,COCOS RIDGE / COCOS RIDGE / SITE 1241,5.8428,-86.4447,SAQ,s_202-1241B-5H-5 68-73   [20692],NOT GIVEN [20692],VOL,61.73,0.3557,16.59,,,4.1,0.1641,0.8054,0.22,5.94,5.6,0.0536,19.33425299,,,,,,,,,,,,,5439.133442,0.424467149,1304.244972,0.646909246,10.51244715,1163.651455,,0,,451.5039593,83557.34587,39.7814916,,,,,105.933408,0.899233578,26.99244903,733.9145935,141.4979607,,,,,,,,5.940027311,,,,1.106406123,25.99910725,55.78205741,130.5560369,13.38197212,42.96522397,6.150398742,0.441180082,6.620658508,0.755570039,4.057266673,1.530594469,3.703828602,0.347934,2.707215181,0.396151975,12.64974604,8.58586458,,,,,,,,,6.132639479,,10.46964494,4.118166397
SUBMARINE RIDGE,COCOS RIDGE / COCOS RIDGE / SITE 1241,5.8428,-86.4447,SAQ,s_202-1241B-5H-5 68-73   [20692],NOT GIVEN [20692],VOL,61.53,0.2654,17.2,,,3.35,0.124,0.985,0.1601,5.17,5.14,0.0297,17.78236799,,,,,,,,,,,,,6244.41312,3.372413683,1595.69021,5.18E-02,0,1297.184452,,0,,737.104922,91538.64928,36.14256693,,,,,105.9574421,1.602550281,29.08030072,736.2816823,122.0775067,,,,,,,,4.463580578,,,,1.269181457,138.970334,57.14092146,125.7126557,12.03394454,39.98565749,7.855019747,1.122230439,4.806041809,0.866608646,5.593724694,1.003743275,3.141675787,0.467509902,3.525934694,0.532667767,14.49449008,6.574111384,,,,,,,,,4.764991932,,9.713165176,3.282554849
SUBMARINE RIDGE,COCOS RIDGE / COCOS RIDGE / SITE 1241,5.8428,-86.4447,SAQ,s_202-1241B-5H-5 68-73   [20692],NOT GIVEN [20692],VOL,61.65,0.2574,17.03,,,3.19,0.1251,0.9127,0.1906,5.3,5.13,0.021,,,,,,,,,,,,,,,,,,,,,,,,,,,,,,,,,,,,,,,,,,,,,,,,,,,,,,,,,,,,,,,,,,,,,,,,,,,
SUBMARINE RIDGE,COCOS RIDGE / COCOS RIDGE / SITE 1241,5.8428,-86.4447,SAQ,s_202-1241B-5H-5 68-73   [20692],NOT GIVEN [20692],VOL,62.26,0.2878,17.24,,,3.55,0.126,0.969,0.2195,5.34,5.05,0.043,,,,,,,,,,,,,,,,,,,,,,,,,,,,,,,,,,,,,,,,,,,,,,,,,,,,,,,,,,,,,,,,,,,,,,,,,,,
SUBMARINE RIDGE,COCOS RIDGE / COCOS RIDGE / SITE 1241,5.8428,-86.4447,SAQ,s_202-1241B-5H-5 68-73   [20692],NOT GIVEN [20692],VOL,61.64,0.2609,17.2,,,3.12,0.1266,0.9071,0.1619,5.24,4.86,0.0282,,,,,,,,,,,,,,,,,,,,,,,,,,,,,,,,,,,,,,,,,,,,,,,,,,,,,,,,,,,,,,,,,,,,,,,,,,,
SUBMARINE RIDGE,COCOS RIDGE / COCOS RIDGE / SITE 1241,5.8428,-86.4447,SAQ,s_202-1241B-5H-5 68-73   [20692],NOT GIVEN [20692],VOL,62.19,0.2045,16.87,,,3.3,0.1016,0.8127,0.1726,5.01,5.09,0.0354,,,,,,,,,,,,,,,,,,,,,,,,,,,,,,,,,,,,,,,,,,,,,,,,,,,,,,,,,,,,,,,,,,,,,,,,,,,
SUBMARINE RIDGE,COCOS RIDGE / COCOS RIDGE / SITE 1241,5.8428,-86.4447,SAQ,s_202-1241B-5H-5 68-73   [20692],NOT GIVEN [20692],VOL,61.86,0.2846,17.07,,,3.39,0.1252,0.9465,0.1777,5.21,4.89,0.0328,,,,,,,,,,,,,,,,,,,,,,,,,,,,,,,,,,,,,,,,,,,,,,,,,,,,,,,,,,,,,,,,,,,,,,,,,,,
SUBMARINE RIDGE,COCOS RIDGE / COCOS RIDGE / SITE 1241,5.8428,-86.4447,SAQ,s_202-1241B-5H-5 68-73   [20692],NOT GIVEN [20692],VOL,62.49,0.2356,17.05,,,3.28,0.0701,0.8298,0.1726,5.07,5.33,0.0231,,,,,,,,,,,,,,,,,,,,,,,,,,,,,,,,,,,,,,,,,,,,,,,,,,,,,,,,,,,,,,,,,,,,,,,,,,,
SUBMARINE RIDGE,COCOS RIDGE / COCOS RIDGE / SITE 1241,5.8428,-86.4447,SAQ,s_202-1241B-5H-5 68-73   [20692],NOT GIVEN [20692],VOL,62.31,0.2591,17.19,,,3.46,0.1449,0.9602,0.165,5.3,4.99,0.0425,,,,,,,,,,,,,,,,,,,,,,,,,,,,,,,,,,,,,,,,,,,,,,,,,,,,,,,,,,,,,,,,,,,,,,,,,,,
SUBMARINE RIDGE,COCOS RIDGE / COCOS RIDGE / SITE 1241,5.8428,-86.4447,SAQ,s_202-1241B-5H-5 68-73   [20692],NOT GIVEN [20692],VOL,62.21,0.2676,17.23,,,2.97,0.1562,0.9276,0.1246,5.53,5.48,0.021,,,,,,,,,,,,,,,,,,,,,,,,,,,,,,,,,,,,,,,,,,,,,,,,,,,,,,,,,,,,,,,,,,,,,,,,,,,
SUBMARINE RIDGE,COCOS RIDGE / COCOS RIDGE / SITE 1241,5.8428,-86.4447,SAQ,s_202-1241B-5H-5 68-73   [20692],NOT GIVEN [20692],VOL,61.98,0.2629,17.13,,,3.42,0.1129,0.9167,0.2568,5.25,5.11,0.0143,,,,,,,,,,,,,,,,,,,,,,,,,,,,,,,,,,,,,,,,,,,,,,,,,,,,,,,,,,,,,,,,,,,,,,,,,,,
SUBMARINE RIDGE,COCOS RIDGE / COCOS RIDGE / SITE 1241,5.8428,-86.4447,SAQ,s_202-1241B-5H-5 68-73   [20692],NOT GIVEN [20692],VOL,60.69,0.2906,17.16,,,3.44,0.1232,1.0268,0.2221,5.21,5.36,0.0409,,,,,,,,,,,,,,,,,,,,,,,,,,,,,,,,,,,,,,,,,,,,,,,,,,,,,,,,,,,,,,,,,,,,,,,,,,,
SUBMARINE RIDGE,COCOS RIDGE / COCOS RIDGE / SITE 1241,5.8428,-86.4447,SAQ,s_202-1241B-5H-5 68-73   [20692],NOT GIVEN [20692],VOL,62.16,0.2025,16.94,,,2.96,0.073,0.8474,0.2008,4.98,5.22,0.0411,,,,,,,,,,,,,,,,,,,,,,,,,,,,,,,,,,,,,,,,,,,,,,,,,,,,,,,,,,,,,,,,,,,,,,,,,,,
SUBMARINE RIDGE,COCOS RIDGE / COCOS RIDGE / SITE 1241,5.8428,-86.4447,SAQ,s_202-1241B-5H-6 98-101   [20692],NOT GIVEN [20692],VOL,66.28,0.1535,14.93,,,2.99,0,0.4891,0.1472,5.27,4.61,0.0067,19.31297775,,,,,,,,,,,,,5698.239014,3.231214576,1261.665181,3.464600739,3.552894671,1593.551743,,1.621838396,,6.966188253,99919.74523,35.01257237,,,,,183.2534008,8.006560292,48.32000614,1050.452111,204.2219623,,,,,,,,8.17103847,,,,2.058838065,19.79499593,113.4613942,193.0166392,22.26095112,69.03828594,12.66059384,0.280123654,9.034831306,1.326346758,8.210200937,1.954684248,4.821963032,1.122061856,5.103961208,0.795200439,24.06387557,12.64514105,,,,,,,,,10.06764307,,25.39903161,6.898286003
SUBMARINE RIDGE,COCOS RIDGE / COCOS RIDGE / SITE 1241,5.8428,-86.4447,SAQ,s_202-1241B-5H-6 98-101   [20692],NOT GIVEN [20692],VOL,61.78,0.2025,15.01,,,2.95,0.0303,0.6027,0.0222,4.81,5.09,0,16.00227152,,,,,,,,,,,,,7488.830759,5.934116363,2325.448889,2.750212878,0,1257.17869,,1.39006575,,1945.661612,101634.027,366.2180991,,,,,115.6816598,16.78785142,30.78095495,1004.213768,112.652721,,,,,,,,4.508345831,,,,0.943833523,164.9903294,63.06662923,111.4161728,11.10070965,40.01685469,7.469479062,0.918402333,5.086583939,0.901155961,5.370343115,1.144714241,2.732961524,0.471021905,2.753331396,0.461162696,19.87972756,6.872284698,,,,,,,,,8.910630338,,12.43933767,3.780999477
SUBMARINE RIDGE,COCOS RIDGE / COCOS RIDGE / SITE 1241,5.8428,-86.4447,SAQ,s_202-1241B-5H-6 98-101   [20692],NOT GIVEN [20692],VOL,65.59,0.183,15.41,,,3.27,0,0.6319,0.1148,4.52,5.2,0.0278,,,,,,,,,,,,,,,,,,,,,,,,,,,,,,,,,,,,,,,,,,,,,,,,,,,,,,,,,,,,,,,,,,,,,,,,,,,
SUBMARINE RIDGE,COCOS RIDGE / COCOS RIDGE / SITE 1241,5.8428,-86.4447,SAQ,s_202-1241B-5H-6 98-101   [20692],NOT GIVEN [20692],VOL,66.11,0.1692,15.29,,,3.32,0.0409,0.5628,0.2099,4.75,5.19,0.0391,,,,,,,,,,,,,,,,,,,,,,,,,,,,,,,,,,,,,,,,,,,,,,,,,,,,,,,,,,,,,,,,,,,,,,,,,,,
SUBMARINE RIDGE,COCOS RIDGE / COCOS RIDGE / SITE 1241,5.8428,-86.4447,SAQ,s_202-1241B-5H-6 98-101   [20692],NOT GIVEN [20692],VOL,66.32,0.1457,14.34,,,2.93,0.0012,0.4278,0.1792,4.81,4.88,0,,,,,,,,,,,,,,,,,,,,,,,,,,,,,,,,,,,,,,,,,,,,,,,,,,,,,,,,,,,,,,,,,,,,,,,,,,,
SUBMARINE RIDGE,COCOS RIDGE / COCOS RIDGE / SITE 1241,5.8428,-86.4447,SAQ,s_202-1241B-5H-6 98-101   [20692],NOT GIVEN [20692],VOL,63.71,0.2084,15.64,,,3.22,0.0025,0.7196,0.1684,4.93,5.06,0.0651,,,,,,,,,,,,,,,,,,,,,,,,,,,,,,,,,,,,,,,,,,,,,,,,,,,,,,,,,,,,,,,,,,,,,,,,,,,
SUBMARINE RIDGE,COCOS RIDGE / COCOS RIDGE / SITE 1241,5.8428,-86.4447,SAQ,s_202-1241B-5H-6 98-101   [20692],NOT GIVEN [20692],VOL,65.23,0.1943,16.1,,,3.02,0.0569,0.7054,0.209,4.65,5.34,0,,,,,,,,,,,,,,,,,,,,,,,,,,,,,,,,,,,,,,,,,,,,,,,,,,,,,,,,,,,,,,,,,,,,,,,,,,,
SUBMARINE RIDGE,COCOS RIDGE / COCOS RIDGE / SITE 1241,5.8428,-86.4447,SAQ,s_202-1241B-5H-6 98-101   [20692],NOT GIVEN [20692],VOL,64.29,0.1851,15.02,,,3.1,0.0376,0.579,0.1567,5.28,4.56,0.0205,,,,,,,,,,,,,,,,,,,,,,,,,,,,,,,,,,,,,,,,,,,,,,,,,,,,,,,,,,,,,,,,,,,,,,,,,,,
SUBMARINE RIDGE,COCOS RIDGE / COCOS RIDGE / SITE 1241,5.8428,-86.4447,SAQ,s_202-1241B-5H-6 98-101   [20692],NOT GIVEN [20692],VOL,64.67,0.1718,15.74,,,2.98,0.0031,0.6932,0.1402,4.71,4.95,0,,,,,,,,,,,,,,,,,,,,,,,,,,,,,,,,,,,,,,,,,,,,,,,,,,,,,,,,,,,,,,,,,,,,,,,,,,,
SUBMARINE RIDGE,COCOS RIDGE / COCOS RIDGE / SITE 1241,5.8428,-86.4447,SAQ,s_202-1241B-5H-6 98-101   [20692],NOT GIVEN [20692],VOL,67.14,0.1716,15.06,,,2.93,0.0092,0.4922,0.2518,4.49,5.03,0.0005,,,,,,,,,,,,,,,,,,,,,,,,,,,,,,,,,,,,,,,,,,,,,,,,,,,,,,,,,,,,,,,,,,,,,,,,,,,
SUBMARINE RIDGE,COCOS RIDGE / COCOS RIDGE / SITE 1241,5.8428,-86.4447,SAQ,s_202-1241B-5H-6 98-101   [20692],NOT GIVEN [20692],VOL,65.28,0.1978,14.96,,,3.14,0.7416,0.15,0.1867,4.55,6.39,0.0017,,,,,,,,,,,,,,,,,,,,,,,,,,,,,,,,,,,,,,,,,,,,,,,,,,,,,,,,,,,,,,,,,,,,,,,,,,,
SUBMARINE RIDGE,COCOS RIDGE / COCOS RIDGE / SITE 1241,5.8428,-86.4447,SAQ,s_202-1241B-5H-6 98-101   [20692],NOT GIVEN [20692],VOL,64.34,0.2021,14.8,,,3.33,0.4882,0.0799,0.0948,4.44,6.5,0.0197,,,,,,,,,,,,,,,,,,,,,,,,,,,,,,,,,,,,,,,,,,,,,,,,,,,,,,,,,,,,,,,,,,,,,,,,,,,
SUBMARINE RIDGE,COCOS RIDGE / COCOS RIDGE / SITE 1241,5.8428,-86.4447,SAQ,s_202-1241B-5H-6 98-101   [20692],NOT GIVEN [20692],VOL,63.69,0.1579,13.88,,,2.88,0.4217,0.0064,0.1709,5.38,5.63,0.0146,,,,,,,,,,,,,,,,,,,,,,,,,,,,,,,,,,,,,,,,,,,,,,,,,,,,,,,,,,,,,,,,,,,,,,,,,,,
SUBMARINE RIDGE,COCOS RIDGE / COCOS RIDGE / SITE 1241,5.8428,-86.4447,SAQ,s_202-1241B-5H-6 98-101   [20692],NOT GIVEN [20692],VOL,67.44,0.1478,14.71,,,3.14,0.4782,0.0058,0.2183,4.58,6.48,0.0164,,,,,,,,,,,,,,,,,,,,,,,,,,,,,,,,,,,,,,,,,,,,,,,,,,,,,,,,,,,,,,,,,,,,,,,,,,,
SUBMARINE RIDGE,COCOS RIDGE / COCOS RIDGE / SITE 1241,5.8428,-86.4447,SAQ,s_202-1241B-5H-6 98-101   [20692],NOT GIVEN [20692],VOL,64.99,0.17,14.85,,,3.06,0.6337,0.058,0.2008,4.57,6.57,0.0039,,,,,,,,,,,,,,,,,,,,,,,,,,,,,,,,,,,,,,,,,,,,,,,,,,,,,,,,,,,,,,,,,,,,,,,,,,,
SUBMARINE RIDGE,COCOS RIDGE / COCOS RIDGE / SITE 1241,5.8428,-86.4447,SAQ,s_202-1241B-5H-6 98-101   [20692],NOT GIVEN [20692],VOL,64.51,0.1402,14.29,,,3.13,0.5815,0.02,0.2194,5.08,6.18,0,,,,,,,,,,,,,,,,,,,,,,,,,,,,,,,,,,,,,,,,,,,,,,,,,,,,,,,,,,,,,,,,,,,,,,,,,,,
SUBMARINE RIDGE,COCOS RIDGE / COCOS RIDGE / SITE 1241,5.8428,-86.4447,SAQ,s_202-1241B-5H-6 98-101   [20692],NOT GIVEN [20692],VOL,63.27,0.17,14.63,,,3.07,0.5503,0.0129,0.1418,4.69,6.13,0.0326,,,,,,,,,,,,,,,,,,,,,,,,,,,,,,,,,,,,,,,,,,,,,,,,,,,,,,,,,,,,,,,,,,,,,,,,,,,
SUBMARINE RIDGE,COCOS RIDGE / COCOS RIDGE / SITE 1241,5.8428,-86.4447,SAQ,s_202-1241B-5H-6 98-101   [20692],NOT GIVEN [20692],VOL,61.98,0.1931,15.65,,,3.28,0.8065,0.0336,0.1869,4.91,6.55,0.027,,,,,,,,,,,,,,,,,,,,,,,,,,,,,,,,,,,,,,,,,,,,,,,,,,,,,,,,,,,,,,,,,,,,,,,,,,,
SUBMARINE RIDGE,COCOS RIDGE / COCOS RIDGE / SITE 1241,5.8428,-86.4447,SAQ,s_202-1241B-5H-6 98-101   [20692],NOT GIVEN [20692],VOL,66.41,0.1335,15.28,,,3.12,0.3978,0.0401,0.1352,4.98,6.96,0,,,,,,,,,,,,,,,,,,,,,,,,,,,,,,,,,,,,,,,,,,,,,,,,,,,,,,,,,,,,,,,,,,,,,,,,,,,
SUBMARINE RIDGE,COCOS RIDGE / COCOS RIDGE / SITE 1241,5.8428,-86.4447,SAQ,s_202-1241A-6H-1-0-6   [20692],NOT GIVEN [20692],VOL,65.3268,0.1281,13.9776,,,3.17,0.4909,0,0.2203,4.43,6.37,0.0101,1.99,,,,,,,,,,,,,4073.8,0.343,,,6,,,0.278,,,,,,,,,17.07,78.33,5.43,78.94,22.84,,,,,,,,,,,,0.231,69.64,12.01,18.08,1.798,6.17,0.888,0.23,0.878,0.139,0.906,0.175,0.532,0.085,0.667,0.082,2.15,1.57,,,,,,,,,0.95,,2.68,0.642
SUBMARINE RIDGE,COCOS RIDGE / COCOS RIDGE / SITE 1241,5.8428,-86.4447,SAQ,s_202-1241A-6H-1-0-6   [20692],NOT GIVEN [20692],VOL,66.1449,0.1622,14.4864,,,3.23,0.5311,0.0244,0.1728,4.51,6.5,0,9.52,,,,,,,,,,,,,4073.8,2.95,,,8.54,,,0.372,,,,,,,,,69.21,5.87,27.91,654.6,92.39,,,,,,,,,,,,0.703,63.29,54.27,98.03,10.51,37.22,6.75,0.524,5.44,0.775,5.28,1.069,3.07,0.385,2.78,0.446,13.38,5.85,,,,,,,,,3.4,,9.19,2.37
SUBMARINE RIDGE,COCOS RIDGE / COCOS RIDGE / SITE 1241,5.8428,-86.4447,SAQ,s_202-1241A-6H-1-0-6   [20692],NOT GIVEN [20692],VOL,64.8622,0.1317,14.2944,,,3.47,0.517,0.0265,0.2112,4.52,6.67,0.0056,,,,,,,,,,,,,,,,,,,,,,,,,,,,,,,,,,,,,,,,,,,,,,,,,,,,,,,,,,,,,,,,,,,,,,,,,,,
SUBMARINE RIDGE,COCOS RIDGE / COCOS RIDGE / SITE 1241,5.8428,-86.4447,SAQ,s_202-1241A-6H-1-0-6   [20692],NOT GIVEN [20692],VOL,64.48,0.1417,14.81,,,3.2,0.6482,0.0167,0.218,4.83,6.76,0.0372,,,,,,,,,,,,,,,,,,,,,,,,,,,,,,,,,,,,,,,,,,,,,,,,,,,,,,,,,,,,,,,,,,,,,,,,,,,
SUBMARINE RIDGE,COCOS RIDGE / COCOS RIDGE / SITE 1241,5.8428,-86.4447,SAQ,s_202-1241A-6H-1-0-6   [20692],NOT GIVEN [20692],VOL,64.52,0.1616,13.72,,,3.03,0.4355,0,0.0808,4.93,5.91,0.0306,,,,,,,,,,,,,,,,,,,,,,,,,,,,,,,,,,,,,,,,,,,,,,,,,,,,,,,,,,,,,,,,,,,,,,,,,,,
SUBMARINE RIDGE,COCOS RIDGE / COCOS RIDGE / SITE 1241,5.8428,-86.4447,SAQ,s_202-1241A-6H-1-0-6   [20692],NOT GIVEN [20692],VOL,65.34,0.1344,14.21,,,2.9,0.5414,0.0084,0.1589,4.53,6.47,0,,,,,,,,,,,,,,,,,,,,,,,,,,,,,,,,,,,,,,,,,,,,,,,,,,,,,,,,,,,,,,,,,,,,,,,,,,,
SUBMARINE RIDGE,COCOS RIDGE / COCOS RIDGE / SITE 1241,5.8428,-86.4447,SAQ,s_202-1241A-6H-1-0-6   [20692],NOT GIVEN [20692],VOL,65.33,0.1344,14.2,,,2.99,0.6123,0,0.15,4.64,6.75,0.004,,,,,,,,,,,,,,,,,,,,,,,,,,,,,,,,,,,,,,,,,,,,,,,,,,,,,,,,,,,,,,,,,,,,,,,,,,,
SUBMARINE RIDGE,COCOS RIDGE / COCOS RIDGE / SITE 1241,5.8428,-86.4447,SAQ,s_202-1241A-6H-1-0-6   [20692],NOT GIVEN [20692],VOL,65.34,0.1448,14.6,,,3.13,0.5922,0.0192,0.076,4.54,6.68,0.0168,,,,,,,,,,,,,,,,,,,,,,,,,,,,,,,,,,,,,,,,,,,,,,,,,,,,,,,,,,,,,,,,,,,,,,,,,,,
SUBMARINE RIDGE,COCOS RIDGE / COCOS RIDGE / SITE 1241,5.8428,-86.4447,SAQ,s_202-1241A-6H-1-0-6   [20692],NOT GIVEN [20692],VOL,63.77,0.113,14.49,,,3.13,0.5262,0,0.2319,4.7,6.44,0.0195,,,,,,,,,,,,,,,,,,,,,,,,,,,,,,,,,,,,,,,,,,,,,,,,,,,,,,,,,,,,,,,,,,,,,,,,,,,
SUBMARINE RIDGE,COCOS RIDGE / COCOS RIDGE / SITE 1241,5.8428,-86.4447,SAQ,s_202-1241A-6H-1-0-6   [20692],NOT GIVEN [20692],VOL,64.7,0.1796,13.75,,,2.71,0.4886,0.0253,0.2175,4.46,6.25,0.0257,,,,,,,,,,,,,,,,,,,,,,,,,,,,,,,,,,,,,,,,,,,,,,,,,,,,,,,,,,,,,,,,,,,,,,,,,,,
SUBMARINE RIDGE,COCOS RIDGE / COCOS RIDGE / SITE 1241,5.8428,-86.4447,SAQ,s_202-1241A-6H-1-0-6   [20692],NOT GIVEN [20692],VOL,65.1854,0.1459,14.1696,,,3.31,0.5539,0,0.1771,4.63,6.66,0.0168,,,,,,,,,,,,,,,,,,,,,,,,,,,,,,,,,,,,,,,,,,,,,,,,,,,,,,,,,,,,,,,,,,,,,,,,,,,
SUBMARINE RIDGE,COCOS RIDGE / COCOS RIDGE / SITE 1241,5.8428,-86.4447,SAQ,s_202-1241B-5H-6-112-114   [20692],NOT GIVEN [20692],VOL,63.45,0.1661,14.24,,,3.83,0.4857,0.0183,0.2273,4.26,6.83,0.0062,,,,,,,,,,,,,,,,,,,,,,,,,,,,,,,,,,,,,,,,,,,,,,,,,,,,,,,,,,,,,,,,,,,,,,,,,,,
SUBMARINE RIDGE,COCOS RIDGE / COCOS RIDGE / SITE 1241,5.8428,-86.4447,SAQ,s_202-1241B-5H-6-112-114   [20692],NOT GIVEN [20692],VOL,62.96,0.1712,15.55,,,3.52,0.6169,0.0396,0.1756,4.69,6.96,0.0129,,,,,,,,,,,,,,,,,,,,,,,,,,,,,,,,,,,,,,,,,,,,,,,,,,,,,,,,,,,,,,,,,,,,,,,,,,,
SUBMARINE RIDGE,COCOS RIDGE / COCOS RIDGE / SITE 1241,5.8428,-86.4447,SAQ,s_202-1241B-5H-6-112-114   [20692],NOT GIVEN [20692],VOL,62.23,0.2211,16.1,,,3.91,0.9032,0.1429,0.1889,5.13,6.56,0.0107,,,,,,,,,,,,,,,,,,,,,,,,,,,,,,,,,,,,,,,,,,,,,,,,,,,,,,,,,,,,,,,,,,,,,,,,,,,
SUBMARINE RIDGE,COCOS RIDGE / COCOS RIDGE / SITE 1241,5.8428,-86.4447,SAQ,s_202-1241B-5H-6-112-114   [20692],NOT GIVEN [20692],VOL,62.67,0.182,16.07,,,3.46,0.6994,0.0936,0.2185,4.78,7.1,0.0236,,,,,,,,,,,,,,,,,,,,,,,,,,,,,,,,,,,,,,,,,,,,,,,,,,,,,,,,,,,,,,,,,,,,,,,,,,,
SUBMARINE RIDGE,COCOS RIDGE / COCOS RIDGE / SITE 1241,5.8428,-86.4447,SAQ,s_202-1241B-5H-6-112-114   [20692],NOT GIVEN [20692],VOL,61.88,0.1299,15.36,,,3.24,0.5485,0.0207,0.1588,4.38,6.73,0,,,,,,,,,,,,,,,,,,,,,,,,,,,,,,,,,,,,,,,,,,,,,,,,,,,,,,,,,,,,,,,,,,,,,,,,,,,
SUBMARINE RIDGE,COCOS RIDGE / COCOS RIDGE / SITE 1241,5.8428,-86.4447,SAQ,s_202-1241B-5H-6-112-114   [20692],NOT GIVEN [20692],VOL,63.78,0.1821,15.9,,,3.58,0.6671,0.0557,0.1373,5.31,6.46,0,,,,,,,,,,,,,,,,,,,,,,,,,,,,,,,,,,,,,,,,,,,,,,,,,,,,,,,,,,,,,,,,,,,,,,,,,,,
SUBMARINE RIDGE,COCOS RIDGE / COCOS RIDGE / SITE 1241,5.8428,-86.4447,SAQ,s_202-1241B-5H-6-112-114   [20692],NOT GIVEN [20692],VOL,61.1,0.2088,16.25,,,3.39,0.8001,0.0926,0.2108,4.93,6.63,0.0213,,,,,,,,,,,,,,,,,,,,,,,,,,,,,,,,,,,,,,,,,,,,,,,,,,,,,,,,,,,,,,,,,,,,,,,,,,,
SUBMARINE RIDGE,COCOS RIDGE / COCOS RIDGE / SITE 1241,5.8428,-86.4447,SAQ,s_202-1241B-5H-6-112-114   [20692],NOT GIVEN [20692],VOL,62.66,0.1594,14.65,,,3.68,0.5047,0.0261,0.1777,4.42,7.02,0,,,,,,,,,,,,,,,,,,,,,,,,,,,,,,,,,,,,,,,,,,,,,,,,,,,,,,,,,,,,,,,,,,,,,,,,,,,
SUBMARINE RIDGE,COCOS RIDGE / COCOS RIDGE / SITE 1241,5.8428,-86.4447,SAQ,s_202-1241B-5H-6-112-114   [20692],NOT GIVEN [20692],VOL,64.02,0.1816,15.49,,,3.76,0.5703,0.0592,0.2093,4.59,6.87,0,,,,,,,,,,,,,,,,,,,,,,,,,,,,,,,,,,,,,,,,,,,,,,,,,,,,,,,,,,,,,,,,,,,,,,,,,,,
SUBMARINE RIDGE,COCOS RIDGE / COCOS RIDGE / SITE 1241,5.8428,-86.4447,SAQ,s_202-1241B-5H-6-112-114   [20692],NOT GIVEN [20692],VOL,63.47,0.177,14.31,,,3.94,0.3869,0.0078,0.1298,4.19,7.19,0.0203,,,,,,,,,,,,,,,,,,,,,,,,,,,,,,,,,,,,,,,,,,,,,,,,,,,,,,,,,,,,,,,,,,,,,,,,,,,
SUBMARINE RIDGE,COCOS RIDGE / COCOS RIDGE / SITE 1241,5.8428,-86.4447,SAQ,s_202-1241A-6H-1-53-55   [20692],NOT GIVEN [20692],VOL,60.32,0.2729,16.58,,,3.71,0.9677,0.1174,0.1524,5.34,6.09,0.0401,16.6,,,,,,,,,,,,,7861.71,5,,,0,,,0.427,,,,,,,,,130.22,8.13,52.34,1329.24,219.83,,,,,,,,,,,,1.43,59.69,105.41,200.63,21.38,70.66,11.63,0.843,9.33,1.47,10.09,1.81,6.26,0.857,5.45,0.916,25.52,12.73,,,,,,,,,7.7,,21.97,6.01
SUBMARINE RIDGE,COCOS RIDGE / COCOS RIDGE / SITE 1241,5.8428,-86.4447,SAQ,s_202-1241A-6H-1-53-55   [20692],NOT GIVEN [20692],VOL,60.94,0.3457,16.94,,,3.56,1.0381,0.2997,0.1311,5.79,6.49,0.1006,20.98,,,,,,,,,,,,,7861.71,4.56,,,11.51,,,0.476,,,,,,,,,152.89,5.92,55.18,1209.67,227.01,,,,,,,,,,,,1.72,32.7,116.55,210.13,21.61,74.11,13.38,0.575,10.41,1.68,9.71,2.16,5.82,0.906,6.39,0.95,23.41,12.67,,,,,,,,,8.8,,23.08,5.99
SUBMARINE RIDGE,COCOS RIDGE / COCOS RIDGE / SITE 1241,5.8428,-86.4447,SAQ,s_202-1241A-6H-1-53-55   [20692],NOT GIVEN [20692],VOL,60.65,0.2967,16.67,,,3.72,1.0383,0.1424,0.1546,5.34,6.34,0.0534,,,,,,,,,,,,,,,,,,,,,,,,,,,,,,,,,,,,,,,,,,,,,,,,,,,,,,,,,,,,,,,,,,,,,,,,,,,
SUBMARINE RIDGE,COCOS RIDGE / COCOS RIDGE / SITE 1241,5.8428,-86.4447,SAQ,s_202-1241A-6H-1-53-55   [20692],NOT GIVEN [20692],VOL,60.6,0.3389,16.74,,,3.57,1.1493,0.2543,0.1767,5.42,6.38,0.1056,,,,,,,,,,,,,,,,,,,,,,,,,,,,,,,,,,,,,,,,,,,,,,,,,,,,,,,,,,,,,,,,,,,,,,,,,,,
SUBMARINE RIDGE,COCOS RIDGE / COCOS RIDGE / SITE 1241,5.8428,-86.4447,SAQ,s_202-1241A-6H-1-53-55   [20692],NOT GIVEN [20692],VOL,61.03,0.262,16.59,,,4.02,1.0719,0.1287,0.2198,5.26,6.37,0.0044,,,,,,,,,,,,,,,,,,,,,,,,,,,,,,,,,,,,,,,,,,,,,,,,,,,,,,,,,,,,,,,,,,,,,,,,,,,
SUBMARINE RIDGE,COCOS RIDGE / COCOS RIDGE / SITE 1241,5.8428,-86.4447,SAQ,s_202-1241A-6H-1-53-55   [20692],NOT GIVEN [20692],VOL,61.09,0.2024,16.46,,,3.44,0.9518,0.108,0.1574,5.12,6.57,0.0099,,,,,,,,,,,,,,,,,,,,,,,,,,,,,,,,,,,,,,,,,,,,,,,,,,,,,,,,,,,,,,,,,,,,,,,,,,,
SUBMARINE RIDGE,COCOS RIDGE / COCOS RIDGE / SITE 1241,5.8428,-86.4447,SAQ,s_202-1241A-6H-1-53-55   [20692],NOT GIVEN [20692],VOL,61.14,0.2162,16.44,,,3.84,1.1056,0.108,0.205,5.14,6.64,0.0419,,,,,,,,,,,,,,,,,,,,,,,,,,,,,,,,,,,,,,,,,,,,,,,,,,,,,,,,,,,,,,,,,,,,,,,,,,,
SUBMARINE RIDGE,COCOS RIDGE / COCOS RIDGE / SITE 1241,5.8428,-86.4447,SAQ,s_202-1241A-6H-1-53-55   [20692],NOT GIVEN [20692],VOL,61.88,0.2862,16.33,,,3.82,1.0498,0.2198,0.1102,5.19,6.27,0.0479,,,,,,,,,,,,,,,,,,,,,,,,,,,,,,,,,,,,,,,,,,,,,,,,,,,,,,,,,,,,,,,,,,,,,,,,,,,
SUBMARINE RIDGE,COCOS RIDGE / COCOS RIDGE / SITE 1241,5.8428,-86.4447,SAQ,s_202-1241A-6H-1-53-55   [20692],NOT GIVEN [20692],VOL,61.65,0.2207,16.59,,,3.65,0.9052,0.1181,0.13,5.37,6.48,0.0391,,,,,,,,,,,,,,,,,,,,,,,,,,,,,,,,,,,,,,,,,,,,,,,,,,,,,,,,,,,,,,,,,,,,,,,,,,,
SUBMARINE RIDGE,COCOS RIDGE / COCOS RIDGE / SITE 1241,5.8428,-86.4447,SAQ,s_202-1241A-6H-1-53-55   [20692],NOT GIVEN [20692],VOL,61.83,0.2835,16.88,,,3.89,1.0525,0.1793,0.2872,5.32,6.35,0.0551,,,,,,,,,,,,,,,,,,,,,,,,,,,,,,,,,,,,,,,,,,,,,,,,,,,,,,,,,,,,,,,,,,,,,,,,,,,
SUBMARINE RIDGE,COCOS RIDGE / COCOS RIDGE / SITE 1241,5.8428,-86.4447,SAQ,s_202-1241A-6H-1-53-55   [20692],NOT GIVEN [20692],VOL,61.01,0.2639,16.69,,,3.49,0.9841,0.1773,0.1863,5.37,6.38,0.0506,,,,,,,,,,,,,,,,,,,,,,,,,,,,,,,,,,,,,,,,,,,,,,,,,,,,,,,,,,,,,,,,,,,,,,,,,,,
SUBMARINE RIDGE,COCOS RIDGE / COCOS RIDGE / SITE 1241,5.8428,-86.4447,SAQ,s_202-1241A-6H-1-53-55   [20692],NOT GIVEN [20692],VOL,60.78,0.3603,16.91,,,3.5,1.1088,0.2795,0.1383,5.34,6.19,0.0683,,,,,,,,,,,,,,,,,,,,,,,,,,,,,,,,,,,,,,,,,,,,,,,,,,,,,,,,,,,,,,,,,,,,,,,,,,,
SUBMARINE RIDGE,COCOS RIDGE / COCOS RIDGE / SITE 1241,5.8428,-86.4447,SAQ,s_202-1241A-6H-1-53-55   [20692],NOT GIVEN [20692],VOL,60.9,0.3155,16.84,,,2.74,1.0749,0.2076,0.1694,5.27,6.21,0.0298,,,,,,,,,,,,,,,,,,,,,,,,,,,,,,,,,,,,,,,,,,,,,,,,,,,,,,,,,,,,,,,,,,,,,,,,,,,
SUBMARINE RIDGE,COCOS RIDGE / COCOS RIDGE / SITE 1241,5.8428,-86.4447,SAQ,s_202-1241A-6H-1-53-55   [20692],NOT GIVEN [20692],VOL,60.68,0.2124,16.24,,,3.58,1.0027,0.0969,0.1626,5.18,6.43,0.0033,,,,,,,,,,,,,,,,,,,,,,,,,,,,,,,,,,,,,,,,,,,,,,,,,,,,,,,,,,,,,,,,,,,,,,,,,,,
SUBMARINE RIDGE,COCOS RIDGE / COCOS RIDGE / SITE 1241,5.8428,-86.4447,SAQ,s_202-1241A-6H-1-53-55   [20692],NOT GIVEN [20692],VOL,60.89,0.2474,16.54,,,3.45,1.095,0.1263,0.1738,5.32,6.34,0.038,,,,,,,,,,,,,,,,,,,,,,,,,,,,,,,,,,,,,,,,,,,,,,,,,,,,,,,,,,,,,,,,,,,,,,,,,,,
SUBMARINE RIDGE,COCOS RIDGE / COCOS RIDGE / SITE 1241,5.8428,-86.4447,SAQ,s_202-1241B-5H-7 10-14   [20692],NOT GIVEN [20692],VOL,61.15,0.2617,16.74,,,3.57,0.1708,0.9986,0.2475,5.34,5.94,0.0272,,,,,,,,,,,,,,,,,,,,,,,,,,,,,,,,,,,,,,,,,,,,,,,,,,,,,,,,,,,,,,,,,,,,,,,,,,,
SUBMARINE RIDGE,COCOS RIDGE / COCOS RIDGE / SITE 1241,5.8428,-86.4447,SAQ,s_202-1241B-5H-7 10-14   [20692],NOT GIVEN [20692],VOL,61.95,0.2733,16.64,,,3.18,0.2054,0.8922,0.0937,5.2,6.15,0.0319,,,,,,,,,,,,,,,,,,,,,,,,,,,,,,,,,,,,,,,,,,,,,,,,,,,,,,,,,,,,,,,,,,,,,,,,,,,
SUBMARINE RIDGE,COCOS RIDGE / COCOS RIDGE / SITE 1241,5.8428,-86.4447,SAQ,s_202-1241B-5H-7 10-14   [20692],NOT GIVEN [20692],VOL,62.41,0.2966,16.8,,,3.01,0.2129,1.0183,0.1325,5.38,5.96,0.0442,,,,,,,,,,,,,,,,,,,,,,,,,,,,,,,,,,,,,,,,,,,,,,,,,,,,,,,,,,,,,,,,,,,,,,,,,,,
SUBMARINE RIDGE,COCOS RIDGE / COCOS RIDGE / SITE 1241,5.8428,-86.4447,SAQ,s_202-1241B-5H-7 10-14   [20692],NOT GIVEN [20692],VOL,61.42,0.2717,16.32,,,3.77,0.1119,0.9577,0.2048,5.31,5.59,0.0272,,,,,,,,,,,,,,,,,,,,,,,,,,,,,,,,,,,,,,,,,,,,,,,,,,,,,,,,,,,,,,,,,,,,,,,,,,,
SUBMARINE RIDGE,COCOS RIDGE / COCOS RIDGE / SITE 1241,5.8428,-86.4447,SAQ,s_202-1241B-5H-7 10-14   [20692],NOT GIVEN [20692],VOL,62.46,0.2754,16.91,,,3.38,0.1944,1.0126,0.1377,5.26,6.23,0.0493,,,,,,,,,,,,,,,,,,,,,,,,,,,,,,,,,,,,,,,,,,,,,,,,,,,,,,,,,,,,,,,,,,,,,,,,,,,
SUBMARINE RIDGE,COCOS RIDGE / COCOS RIDGE / SITE 1241,5.8428,-86.4447,SAQ,s_202-1241B-5H-7 10-14   [20692],NOT GIVEN [20692],VOL,62.55,0.2283,16.46,,,3.16,0.0607,0.822,0.1576,5.07,6.04,0.0644,,,,,,,,,,,,,,,,,,,,,,,,,,,,,,,,,,,,,,,,,,,,,,,,,,,,,,,,,,,,,,,,,,,,,,,,,,,
SUBMARINE RIDGE,COCOS RIDGE / COCOS RIDGE / SITE 1241,5.8428,-86.4447,SAQ,s_202-1241B-5H-7 10-14   [20692],NOT GIVEN [20692],VOL,61.33,0.2811,16.77,,,3.44,0.1311,0.9815,0.2154,5.24,6.08,0.0098,,,,,,,,,,,,,,,,,,,,,,,,,,,,,,,,,,,,,,,,,,,,,,,,,,,,,,,,,,,,,,,,,,,,,,,,,,,
SUBMARINE RIDGE,COCOS RIDGE / COCOS RIDGE / SITE 1241,5.8428,-86.4447,SAQ,s_202-1241B-5H-7 10-14   [20692],NOT GIVEN [20692],VOL,62.3,0.2264,16.5,,,3.35,0.07,0.8836,0.2035,5.19,6.45,0.0582,,,,,,,,,,,,,,,,,,,,,,,,,,,,,,,,,,,,,,,,,,,,,,,,,,,,,,,,,,,,,,,,,,,,,,,,,,,
SUBMARINE RIDGE,COCOS RIDGE / COCOS RIDGE / SITE 1241,5.8428,-86.4447,SAQ,s_202-1241B-5H-7 10-14   [20692],NOT GIVEN [20692],VOL,62.07,0.2276,16.47,,,3.16,0.1708,0.9035,0.1521,5.49,6.08,0.0077,,,,,,,,,,,,,,,,,,,,,,,,,,,,,,,,,,,,,,,,,,,,,,,,,,,,,,,,,,,,,,,,,,,,,,,,,,,
SUBMARINE RIDGE,COCOS RIDGE / COCOS RIDGE / SITE 1241,5.8428,-86.4447,SAQ,s_202-1241B-5H-7 10-14   [20692],NOT GIVEN [20692],VOL,61.15,0.2756,16.57,,,3.21,0.1701,0.9617,0.1881,5.26,6.19,0.0938,,,,,,,,,,,,,,,,,,,,,,,,,,,,,,,,,,,,,,,,,,,,,,,,,,,,,,,,,,,,,,,,,,,,,,,,,,,
SUBMARINE RIDGE,COCOS RIDGE / COCOS RIDGE / SITE 1241,5.8428,-86.4447,SAQ,s_202-1241B-5H-7 10-14   [20692],NOT GIVEN [20692],VOL,61.72,0.1878,16.41,,,3.52,0.0876,0.9296,0.2002,5.18,6.02,0.0469,,,,,,,,,,,,,,,,,,,,,,,,,,,,,,,,,,,,,,,,,,,,,,,,,,,,,,,,,,,,,,,,,,,,,,,,,,,
SUBMARINE RIDGE,COCOS RIDGE / COCOS RIDGE / SITE 1241,5.8428,-86.4447,SAQ,s_202-1241B-5H-7 10-14   [20692],NOT GIVEN [20692],VOL,63.63,0.2265,17.2,,,2.52,0.103,0.9258,0.1882,5.81,6.04,0.0701,,,,,,,,,,,,,,,,,,,,,,,,,,,,,,,,,,,,,,,,,,,,,,,,,,,,,,,,,,,,,,,,,,,,,,,,,,,
SUBMARINE RIDGE,COCOS RIDGE / COCOS RIDGE / SITE 1241,5.8428,-86.4447,SAQ,s_202-1241B-5H-7 10-14   [20692],NOT GIVEN [20692],VOL,62,0.3372,16.83,,,3.24,0.1682,0.9779,0.0914,5.31,5.94,0.0392,,,,,,,,,,,,,,,,,,,,,,,,,,,,,,,,,,,,,,,,,,,,,,,,,,,,,,,,,,,,,,,,,,,,,,,,,,,
SUBMARINE RIDGE,COCOS RIDGE / COCOS RIDGE / SITE 1241,5.8428,-86.4447,SAQ,s_202-1241B-5H-7 10-14   [20692],NOT GIVEN [20692],VOL,64.64,0.2681,17.55,,,1.77,0.1043,0.4517,0.0109,6.73,6.59,0.0659,,,,,,,,,,,,,,,,,,,,,,,,,,,,,,,,,,,,,,,,,,,,,,,,,,,,,,,,,,,,,,,,,,,,,,,,,,,
SUBMARINE RIDGE,COCOS RIDGE / COCOS RIDGE / SITE 1241,5.8428,-86.4447,SAQ,s_202-1241A-6H-1-76-79   [20692],NOT GIVEN [20692],VOL,60.903,0.1672,16.0224,,,3.78,0.9576,0.0633,0.2208,5.16,6.36,0.0145,24.11,,,,,,,,,,,,,7147.01,1.65,,0.92,348.66,,,0.96,,,,,,,,,279.83,3.31,90.47,2059.32,370.84,,,,,,,,,,,,3.29,11.46,193.54,335.45,34.38,119.54,19.71,0.388,17.51,2.8,16.78,3.37,9.38,1.518,10.72,1.546,45.44,22.49,,,,,,,,,16.16,,36.3,8.72
SUBMARINE RIDGE,COCOS RIDGE / COCOS RIDGE / SITE 1241,5.8428,-86.4447,SAQ,s_202-1241A-6H-1-76-79   [20692],NOT GIVEN [20692],VOL,60.6808,0.2242,15.984,,,3.68,0.9402,0.0517,0.1638,5.11,6.29,0.0291,21.1,,,,,,,,,,,,,7147.01,4.6,,0,62.54,,,0,,,,,,,,,165.81,0.839,50.02,1271.5,204.98,,,,,,,,,,,,1.567,2.68,102.5,191.97,19.66,69.16,11.6,0.403,9.46,1.439,9.42,1.987,5.25,0.879,5.37,0.824,26.31,13.29,,,,,,,,,7.96,,20.04,5.74
SUBMARINE RIDGE,COCOS RIDGE / COCOS RIDGE / SITE 1241,5.8428,-86.4447,SAQ,s_202-1241A-6H-1-76-79   [20692],NOT GIVEN [20692],VOL,62.0241,0.2259,16.0224,,,3.63,0.8988,0.1232,0.2554,5.1,7.06,0.0235,19.38,,,,,,,,,,,,,7147.01,4.82,,0.347,184.48,,,0.61,,,,,,,,,160.23,2.04,52.73,1328.51,185.55,,,,,,,,,,,,1.487,10.09,104.48,180.79,18.49,67.85,11.06,0.375,8.9,1.528,9.58,1.989,5.61,0.863,6.41,0.871,26.78,12.45,,,,,,,,,7.3,,20.63,5.34
SUBMARINE RIDGE,COCOS RIDGE / COCOS RIDGE / SITE 1241,5.8428,-86.4447,SAQ,s_202-1241A-6H-1-76-79   [20692],NOT GIVEN [20692],VOL,60.0344,0.2157,15.9648,,,3.81,0.9432,0.0549,0.1632,5.23,6.11,0.028,17.86,,,,,,,,,,,,,7147.01,3.02,,0.31,71.76,,,0.81,,,,,,,,,137.78,1.99,40.8,1001.33,184.72,,,,,,,,,,,,1.28,5.27,84.89,165.07,16.9,56.92,9.51,0.181,8.02,1.224,7.24,1.35,4.03,0.545,3.68,0.7,18.95,9.36,,,,,,,,,6.25,,14.25,3.97
SUBMARINE RIDGE,COCOS RIDGE / COCOS RIDGE / SITE 1241,5.8428,-86.4447,SAQ,s_202-1241A-6H-1-76-79   [20692],NOT GIVEN [20692],VOL,60.2768,0.2688,16.2144,,,3.61,0.9792,0.1594,0.1633,5.33,6.16,0.0235,15.23,,,,,,,,,,,,,7147.01,4.64,,0.327,73.13,,,0.48,,,,,,,,,140.49,1.525,42.38,1151.28,159.33,,,,,,,,,,,,1.266,7.89,82.13,151.94,15.71,56.56,9.31,0.38,7.43,1.227,7.83,1.518,4.86,0.716,4.65,0.834,21.97,10.15,,,,,,,,,6.7,,15.82,4.37
SUBMARINE RIDGE,COCOS RIDGE / COCOS RIDGE / SITE 1241,5.8428,-86.4447,SAQ,s_202-1241A-6H-1-76-79   [20692],NOT GIVEN [20692],VOL,62.0746,0.1652,16.2816,,,3.86,0.9175,0.0336,0.2048,5.03,6.55,0.0614,21.78,,,,,,,,,,,,,7147.01,4.34,,0.281,184.42,,,0.6,,,,,,,,,171.73,1.336,62.87,1469.76,236.38,,,,,,,,,,,,1.588,8.57,119.24,212.66,23.12,82.9,14.93,0.414,12.13,1.85,11.96,2.271,6.56,1.038,6.98,1.171,29.46,13.68,,,,,,,,,8.09,,21.05,5.46
SUBMARINE RIDGE,COCOS RIDGE / COCOS RIDGE / SITE 1241,5.8428,-86.4447,SAQ,s_202-1241A-6H-1-76-79   [20692],NOT GIVEN [20692],VOL,60.3172,0.1951,16.1952,,,3.66,0.9481,0.075,0.1679,5.08,6.51,0.0134,19.71,,,,,,,,,,,,,7147.01,3.84,,0.518,624.44,,,0,,,,,,,,,176.07,1.77,65.85,1539.78,222.22,,,,,,,,,,,,1.571,6.31,118.92,198.12,21.59,78.32,13.57,0.364,11.94,1.795,10.98,2.131,5.92,1.01,6.28,0.95,27.87,12.4,,,,,,,,,6.88,,20.38,4.94
SUBMARINE RIDGE,COCOS RIDGE / COCOS RIDGE / SITE 1241,5.8428,-86.4447,SAQ,s_202-1241A-6H-1-76-79   [20692],NOT GIVEN [20692],VOL,60.6707,0.1863,15.9744,,,3.67,0.9375,0.1026,0.1463,5.14,6.25,0.0056,17.9,,,,,,,,,,,,,7147.01,3.04,,0.86,259.65,,,1.14,,,,,,,,,136.35,7.21,46.67,1097.4,179.2,,,,,,,,,,,,1.321,7.21,90.01,158.07,16.69,59.12,10.01,0.21,8.58,1.275,7.99,1.578,4.78,0.75,5.2,0.819,21.4,10.11,,,,,,,,,6.17,,15.58,4.37
SUBMARINE RIDGE,COCOS RIDGE / COCOS RIDGE / SITE 1241,5.8428,-86.4447,SAQ,s_202-1241A-6H-1-76-79   [20692],NOT GIVEN [20692],VOL,60.2869,0.2887,16.176,,,3.39,0.994,0.1288,0.2273,5.62,5.48,0.0469,,,,,,,,,,,,,,,,,,,,,,,,,,,,,,,,,,,,,,,,,,,,,,,,,,,,,,,,,,,,,,,,,,,,,,,,,,,
SUBMARINE RIDGE,COCOS RIDGE / COCOS RIDGE / SITE 1241,5.8428,-86.4447,SAQ,s_202-1241A-6H-1-76-79   [20692],NOT GIVEN [20692],VOL,60.2667,0.2316,16.272,,,3.76,0.9378,0.0571,0.1716,5.15,7.03,0.0569,,,,,,,,,,,,,,,,,,,,,,,,,,,,,,,,,,,,,,,,,,,,,,,,,,,,,,,,,,,,,,,,,,,,,,,,,,,
SUBMARINE RIDGE,COCOS RIDGE / COCOS RIDGE / SITE 1241,5.8428,-86.4447,SAQ,s_202-1241A-6H-1-76-79   [20692],NOT GIVEN [20692],VOL,60.2263,0.139,16.3968,,,3.85,0.9832,0.0622,0.2751,5.18,6.63,0,,,,,,,,,,,,,,,,,,,,,,,,,,,,,,,,,,,,,,,,,,,,,,,,,,,,,,,,,,,,,,,,,,,,,,,,,,,
SUBMARINE RIDGE,COCOS RIDGE / COCOS RIDGE / SITE 1241,5.8428,-86.4447,SAQ,s_202-1241A-6H-1-76-79   [20692],NOT GIVEN [20692],VOL,62.3675,0.2164,15.984,,,3.36,0.9447,0.0681,0.1191,5.16,6.2,0.0185,,,,,,,,,,,,,,,,,,,,,,,,,,,,,,,,,,,,,,,,,,,,,,,,,,,,,,,,,,,,,,,,,,,,,,,,,,,
SUBMARINE RIDGE,COCOS RIDGE / COCOS RIDGE / SITE 1241,5.8428,-86.4447,SAQ,s_202-1241B-5H-7-30-37   [20692],NOT GIVEN [20692],VOL,61.88,0.3378,16.59,,,3.56,1.041,0.1867,0.252,5.25,6.19,0.0359,14.04,,,,,,,,,,,,,7361.42,4.93,,,24.45,,,0.438,,,,,,,,,121.45,4.72,41.47,1286.74,149.47,,,,,,,,,,,,1.009,26.41,76.47,136.21,15.51,51.6,9.07,0.583,7.5,1.29,7.47,1.42,4.14,0.665,4.86,0.71,23.64,8.69,,,,,,,,,5.69,,15.02,4.06
SUBMARINE RIDGE,COCOS RIDGE / COCOS RIDGE / SITE 1241,5.8428,-86.4447,SAQ,s_202-1241B-5H-7-30-37   [20692],NOT GIVEN [20692],VOL,60.4,0.2856,16.74,,,3.62,1.0107,0.169,0.2428,5.34,6.36,0.0386,13.63,,,,,,,,,,,,,7361.42,4.47,,,15.89,,,0.389,,,,,,,,,107.17,3.29,36.55,1164.73,141.82,,,,,,,,,,,,1.163,13.2,71.29,128.23,13.82,47.68,8.32,0.512,8.03,1.032,6.33,1.41,3.79,0.643,4.45,0.745,21.11,8.37,,,,,,,,,5.22,,13.77,3.71
SUBMARINE RIDGE,COCOS RIDGE / COCOS RIDGE / SITE 1241,5.8428,-86.4447,SAQ,s_202-1241B-5H-7-30-37   [20692],NOT GIVEN [20692],VOL,59.57,0.285,16.83,,,3.25,1.0618,0.215,0.2833,5.44,6.04,0.095,,,,,,,,,,,,,,,,,,,,,,,,,,,,,,,,,,,,,,,,,,,,,,,,,,,,,,,,,,,,,,,,,,,,,,,,,,,
SUBMARINE RIDGE,COCOS RIDGE / COCOS RIDGE / SITE 1241,5.8428,-86.4447,SAQ,s_202-1241B-5H-7-30-37   [20692],NOT GIVEN [20692],VOL,61.33,0.1818,16.75,,,3.47,0.9331,0.067,0.219,5.07,6.39,0.0503,,,,,,,,,,,,,,,,,,,,,,,,,,,,,,,,,,,,,,,,,,,,,,,,,,,,,,,,,,,,,,,,,,,,,,,,,,,
SUBMARINE RIDGE,COCOS RIDGE / COCOS RIDGE / SITE 1241,5.8428,-86.4447,SAQ,s_202-1241B-5H-7-30-37   [20692],NOT GIVEN [20692],VOL,60.48,0.2323,16.67,,,3.61,1.0131,0.1535,0.2185,5.23,6.15,0.0481,,,,,,,,,,,,,,,,,,,,,,,,,,,,,,,,,,,,,,,,,,,,,,,,,,,,,,,,,,,,,,,,,,,,,,,,,,,
SUBMARINE RIDGE,COCOS RIDGE / COCOS RIDGE / SITE 1241,5.8428,-86.4447,SAQ,s_202-1241B-5H-7-30-37   [20692],NOT GIVEN [20692],VOL,60.16,0.1821,16.31,,,3.46,0.8523,0.0382,0.1506,5.06,6.62,0.019,,,,,,,,,,,,,,,,,,,,,,,,,,,,,,,,,,,,,,,,,,,,,,,,,,,,,,,,,,,,,,,,,,,,,,,,,,,
SUBMARINE RIDGE,COCOS RIDGE / COCOS RIDGE / SITE 1241,5.8428,-86.4447,SAQ,s_202-1241B-5H-7-30-37   [20692],NOT GIVEN [20692],VOL,57.6,0.3184,16,,,3.5,1.0222,0.1888,0.2073,5.25,5.88,0.0347,,,,,,,,,,,,,,,,,,,,,,,,,,,,,,,,,,,,,,,,,,,,,,,,,,,,,,,,,,,,,,,,,,,,,,,,,,,
SUBMARINE RIDGE,COCOS RIDGE / COCOS RIDGE / SITE 1241,5.8428,-86.4447,SAQ,s_202-1241B-5H-7-30-37   [20692],NOT GIVEN [20692],VOL,60.81,0.2105,16.5,,,3.48,0.8545,0.1001,0.2116,5.2,6.34,0.0359,,,,,,,,,,,,,,,,,,,,,,,,,,,,,,,,,,,,,,,,,,,,,,,,,,,,,,,,,,,,,,,,,,,,,,,,,,,
SUBMARINE RIDGE,COCOS RIDGE / COCOS RIDGE / SITE 1241,5.8428,-86.4447,SAQ,s_202-1241B-5H-7-30-37   [20692],NOT GIVEN [20692],VOL,61.07,0.2081,16.48,,,3.77,0.9255,0.0716,0.261,5.03,7.01,0.0414,,,,,,,,,,,,,,,,,,,,,,,,,,,,,,,,,,,,,,,,,,,,,,,,,,,,,,,,,,,,,,,,,,,,,,,,,,,
SUBMARINE RIDGE,COCOS RIDGE / COCOS RIDGE / SITE 1241,5.8428,-86.4447,SAQ,s_202-1241B-5H-7-30-37   [20692],NOT GIVEN [20692],VOL,59.86,0.2313,16.63,,,3.69,0.9883,0.1094,0.2182,5.27,6.29,0.0408,,,,,,,,,,,,,,,,,,,,,,,,,,,,,,,,,,,,,,,,,,,,,,,,,,,,,,,,,,,,,,,,,,,,,,,,,,,
SUBMARINE RIDGE,COCOS RIDGE / COCOS RIDGE / SITE 1241,5.8428,-86.4447,SAQ,s_202-1241B-5H-7-30-37   [20692],NOT GIVEN [20692],VOL,59.86,0.2076,16.41,,,3.42,0.9862,0.0932,0.1612,5.07,6.89,0.0106,,,,,,,,,,,,,,,,,,,,,,,,,,,,,,,,,,,,,,,,,,,,,,,,,,,,,,,,,,,,,,,,,,,,,,,,,,,
SUBMARINE RIDGE,COCOS RIDGE / COCOS RIDGE / SITE 1241,5.8428,-86.4447,SAQ,s_202-1241B-5H-7-30-37   [20692],NOT GIVEN [20692],VOL,61.39,0.1743,16.53,,,3.43,0.8829,0.0873,0.1652,4.99,6.83,0.0263,,,,,,,,,,,,,,,,,,,,,,,,,,,,,,,,,,,,,,,,,,,,,,,,,,,,,,,,,,,,,,,,,,,,,,,,,,,
SUBMARINE RIDGE,COCOS RIDGE / COCOS RIDGE / SITE 1241,5.8428,-86.4447,SAQ,s_202-1241B-5H-7-30-37   [20692],NOT GIVEN [20692],VOL,60.72,0.2783,16.8,,,3.81,0.9907,0.1449,0.1801,5.21,6.29,0.0358,,,,,,,,,,,,,,,,,,,,,,,,,,,,,,,,,,,,,,,,,,,,,,,,,,,,,,,,,,,,,,,,,,,,,,,,,,,
SUBMARINE RIDGE,COCOS RIDGE / COCOS RIDGE / SITE 1241,5.8428,-86.4447,SAQ,s_202-1241B-6H-2 57-60   [20692],NOT GIVEN [20692],VOL,51.96,2.02,15.49,,,10.34,2.11,3.86,0.0812,3.41,5.48,0.6058,5.12,,,,,,,,,,,,,30088.91,2.34,,,7.59,,,2.52,,,,,,,,,28.99,847.42,14.43,218.33,44.89,,,,,,,,,,,,0.326,492.89,32.11,60.41,6.85,25.09,4.88,2.24,3.76,0.543,2.91,0.523,1.41,0.183,1.33,0.195,4.75,2.57,,,,,,,,,1.87,,3.52,0.934
SUBMARINE RIDGE,COCOS RIDGE / COCOS RIDGE / SITE 1241,5.8428,-86.4447,SAQ,s_202-1241B-6H-2 57-60   [20692],NOT GIVEN [20692],VOL,55.45,0.8258,16.83,,,6.53,0.9416,3.25,0.2412,3.63,5.79,0.2501,9.25,,,,,,,,,,,,,30088.91,5.42,,,0,,,5.34,,,,,,,,,70.13,518.52,33.49,538.36,102.21,,,,,,,,,,,,0.69,668,67.81,128.28,14.73,56.23,10.55,3.32,8.78,1.279,6.98,1.321,3.37,0.464,3.27,0.433,11.78,5.96,,,,,,,,,4.03,,8.8,2.3
SUBMARINE RIDGE,COCOS RIDGE / COCOS RIDGE / SITE 1241,5.8428,-86.4447,SAQ,s_202-1241B-6H-2 57-60   [20692],NOT GIVEN [20692],VOL,57.23,0.9242,17.76,,,6.87,0.9492,3.9,0.1982,3,6.46,0.2584,,,,,,,,,,,,,,,,,,,,,,,,,,,,,,,,,,,,,,,,,,,,,,,,,,,,,,,,,,,,,,,,,,,,,,,,,,,
SUBMARINE RIDGE,COCOS RIDGE / COCOS RIDGE / SITE 1241,5.8428,-86.4447,SAQ,s_202-1241B-6H-2 57-60   [20692],NOT GIVEN [20692],VOL,55.61,1.4112,16.72,,,7.74,1.91,4.48,0.1587,3.34,5.8,0.6247,,,,,,,,,,,,,,,,,,,,,,,,,,,,,,,,,,,,,,,,,,,,,,,,,,,,,,,,,,,,,,,,,,,,,,,,,,,
SUBMARINE RIDGE,COCOS RIDGE / COCOS RIDGE / SITE 1241,5.8428,-86.4447,SAQ,s_202-1241B-6H-2 57-60   [20692],NOT GIVEN [20692],VOL,54.75,1.4897,16.55,,,8.33,2.23,4.74,0.2908,3.11,5.62,0.7401,,,,,,,,,,,,,,,,,,,,,,,,,,,,,,,,,,,,,,,,,,,,,,,,,,,,,,,,,,,,,,,,,,,,,,,,,,,
SUBMARINE RIDGE,COCOS RIDGE / COCOS RIDGE / SITE 1241,5.8428,-86.4447,SAQ,s_202-1241B-6H-2 57-60   [20692],NOT GIVEN [20692],VOL,53.15,1.346,16.66,,,7.32,2.02,4.35,0.1753,3.3,5.58,0.5374,,,,,,,,,,,,,,,,,,,,,,,,,,,,,,,,,,,,,,,,,,,,,,,,,,,,,,,,,,,,,,,,,,,,,,,,,,,
SUBMARINE RIDGE,COCOS RIDGE / COCOS RIDGE / SITE 1241,5.8428,-86.4447,SAQ,s_202-1241B-6H-2 57-60   [20692],NOT GIVEN [20692],VOL,54.37,1.3641,17.03,,,7.71,1.96,4.64,0.2421,3.16,5.76,0.6392,,,,,,,,,,,,,,,,,,,,,,,,,,,,,,,,,,,,,,,,,,,,,,,,,,,,,,,,,,,,,,,,,,,,,,,,,,,
SUBMARINE RIDGE,COCOS RIDGE / COCOS RIDGE / SITE 1241,5.8428,-86.4447,SAQ,s_202-1241A-6H-3 130-138   [20692],NOT GIVEN [20692],VOL,58.71,2.15,16.81,,,4.3,0.1761,0.77,0.1498,5.08,5.31,0.6626,,,,,,,,,,,,,,,,,,,,,,,,,,,,,,,,,,,,,,,,,,,,,,,,,,,,,,,,,,,,,,,,,,,,,,,,,,,
SUBMARINE RIDGE,COCOS RIDGE / COCOS RIDGE / SITE 1241,5.8428,-86.4447,SAQ,s_202-1241A-6H-3 130-138   [20692],NOT GIVEN [20692],VOL,62.71,2.07,17.5,,,2.99,0.0602,0.5281,0.1375,5.6,6.59,0.2535,,,,,,,,,,,,,,,,,,,,,,,,,,,,,,,,,,,,,,,,,,,,,,,,,,,,,,,,,,,,,,,,,,,,,,,,,,,
SUBMARINE RIDGE,COCOS RIDGE / COCOS RIDGE / SITE 1241,5.8428,-86.4447,SAQ,s_202-1241A-6H-3 130-138   [20692],NOT GIVEN [20692],VOL,57.51,2.42,16.54,,,4.23,0.1572,0.8363,0.1948,4.67,5.54,0.6772,,,,,,,,,,,,,,,,,,,,,,,,,,,,,,,,,,,,,,,,,,,,,,,,,,,,,,,,,,,,,,,,,,,,,,,,,,,
SUBMARINE RIDGE,COCOS RIDGE / COCOS RIDGE / SITE 1241,5.8428,-86.4447,SAQ,s_202-1241A-6H-3 130-138   [20692],NOT GIVEN [20692],VOL,59.12,1.46,16.68,,,2.71,0.1381,0.4467,0.0243,5.28,6.11,0.5891,,,,,,,,,,,,,,,,,,,,,,,,,,,,,,,,,,,,,,,,,,,,,,,,,,,,,,,,,,,,,,,,,,,,,,,,,,,
SUBMARINE RIDGE,COCOS RIDGE / COCOS RIDGE / SITE 1241,5.8428,-86.4447,SAQ,s_202-1241A-6H-3 130-138   [20692],NOT GIVEN [20692],VOL,57.23,2.51,16.7,,,4.46,0.14,0.6365,0.1774,4.35,5.37,0.5148,,,,,,,,,,,,,,,,,,,,,,,,,,,,,,,,,,,,,,,,,,,,,,,,,,,,,,,,,,,,,,,,,,,,,,,,,,,
SUBMARINE RIDGE,COCOS RIDGE / COCOS RIDGE / SITE 1241,5.8428,-86.4447,SAQ,s_202-1241A-6H-3 130-138   [20692],NOT GIVEN [20692],VOL,58.91,2.16,16.99,,,4.45,0.1762,0.7093,0.1159,4.48,5.74,0.5503,,,,,,,,,,,,,,,,,,,,,,,,,,,,,,,,,,,,,,,,,,,,,,,,,,,,,,,,,,,,,,,,,,,,,,,,,,,
SUBMARINE RIDGE,COCOS RIDGE / COCOS RIDGE / SITE 1241,5.8428,-86.4447,SAQ,s_202-1241A-6H-3 130-138   [20692],NOT GIVEN [20692],VOL,59.03,1.83,17.31,,,4.31,0.1889,0.7253,0.2306,5.38,6.26,0.7188,,,,,,,,,,,,,,,,,,,,,,,,,,,,,,,,,,,,,,,,,,,,,,,,,,,,,,,,,,,,,,,,,,,,,,,,,,,
SUBMARINE RIDGE,COCOS RIDGE / COCOS RIDGE / SITE 1241,5.8428,-86.4447,SAQ,s_202-1241A-6H-3 130-138   [20692],NOT GIVEN [20692],VOL,59.87,1.2495,17.26,,,4.23,0.0823,0.4197,0.1546,5.55,6.23,0.4538,,,,,,,,,,,,,,,,,,,,,,,,,,,,,,,,,,,,,,,,,,,,,,,,,,,,,,,,,,,,,,,,,,,,,,,,,,,
SUBMARINE RIDGE,COCOS RIDGE / COCOS RIDGE / SITE 1241,5.8428,-86.4447,SAQ,s_202-1241A-6H-3 130-138   [20692],NOT GIVEN [20692],VOL,61.09,2.01,17.59,,,4.95,0.2811,0.6377,0.1157,5.53,6.41,0.9683,,,,,,,,,,,,,,,,,,,,,,,,,,,,,,,,,,,,,,,,,,,,,,,,,,,,,,,,,,,,,,,,,,,,,,,,,,,
SUBMARINE RIDGE,COCOS RIDGE / COCOS RIDGE / SITE 1241,5.8428,-86.4447,SAQ,s_202-1241A-6H-3 130-138   [20692],NOT GIVEN [20692],VOL,59,1.75,16.94,,,4.08,0.1748,0.4756,0.126,5.32,5.55,0.4277,,,,,,,,,,,,,,,,,,,,,,,,,,,,,,,,,,,,,,,,,,,,,,,,,,,,,,,,,,,,,,,,,,,,,,,,,,,
SUBMARINE RIDGE,COCOS RIDGE / COCOS RIDGE / SITE 1241,5.8428,-86.4447,SAQ,s_202-1241A-6H-3 130-138   [20692],NOT GIVEN [20692],VOL,62.44,1.2817,16.42,,,3.84,0.1599,1.1472,0.081,4.88,5.09,0.4628,,,,,,,,,,,,,,,,,,,,,,,,,,,,,,,,,,,,,,,,,,,,,,,,,,,,,,,,,,,,,,,,,,,,,,,,,,,
SUBMARINE RIDGE,COCOS RIDGE / COCOS RIDGE / SITE 1241,5.8428,-86.4447,SAQ,s_202-1241A-6H-3 130-138   [20692],NOT GIVEN [20692],VOL,58.79,2.3,16.65,,,4.34,0.2347,0.6971,0.1427,5.27,5.22,0.7202,,,,,,,,,,,,,,,,,,,,,,,,,,,,,,,,,,,,,,,,,,,,,,,,,,,,,,,,,,,,,,,,,,,,,,,,,,,
SUBMARINE RIDGE,COCOS RIDGE / COCOS RIDGE / SITE 1241,5.8428,-86.4447,SAQ,s_202-1241A-6H-3 130-138   [20692],NOT GIVEN [20692],VOL,59.71,2.3,17.26,,,3.95,0.1239,0.624,0.1402,4.42,5.89,0.5534,,,,,,,,,,,,,,,,,,,,,,,,,,,,,,,,,,,,,,,,,,,,,,,,,,,,,,,,,,,,,,,,,,,,,,,,,,,
SUBMARINE RIDGE,COCOS RIDGE / COCOS RIDGE / SITE 1241,5.8428,-86.4447,SAQ,s_202-1241A-6H-3 130-138   [20692],NOT GIVEN [20692],VOL,59.07,2.5,17.08,,,4.28,0.2269,0.9391,0.1231,4.59,5.52,0.7329,,,,,,,,,,,,,,,,,,,,,,,,,,,,,,,,,,,,,,,,,,,,,,,,,,,,,,,,,,,,,,,,,,,,,,,,,,,
SUBMARINE RIDGE,COCOS RIDGE / COCOS RIDGE / SITE 1241,5.8428,-86.4447,SAQ,s_202-1241B-6H-2-145-148   [20692],NOT GIVEN [20692],VOL,57.25,0.6827,16.86,,,5,2.04,0.7589,0.1861,4.89,5.89,0.2177,,,,,,,,,,,,,,,,,,,,,,,,,,,,,,,,,,,,,,,,,,,,,,,,,,,,,,,,,,,,,,,,,,,,,,,,,,,
SUBMARINE RIDGE,COCOS RIDGE / COCOS RIDGE / SITE 1241,5.8428,-86.4447,SAQ,s_202-1241B-6H-2-145-148   [20692],NOT GIVEN [20692],VOL,58.39,0.7059,17.44,,,4.73,2.54,0.8592,0.1238,4.5,5.57,0.1585,,,,,,,,,,,,,,,,,,,,,,,,,,,,,,,,,,,,,,,,,,,,,,,,,,,,,,,,,,,,,,,,,,,,,,,,,,,
SUBMARINE RIDGE,COCOS RIDGE / COCOS RIDGE / SITE 1241,5.8428,-86.4447,SAQ,s_202-1241B-6H-2-145-148   [20692],NOT GIVEN [20692],VOL,58.42,0.6397,17.04,,,4.24,2.11,0.7951,0.1651,5.16,5.15,0.2217,,,,,,,,,,,,,,,,,,,,,,,,,,,,,,,,,,,,,,,,,,,,,,,,,,,,,,,,,,,,,,,,,,,,,,,,,,,
SUBMARINE RIDGE,COCOS RIDGE / COCOS RIDGE / SITE 1241,5.8428,-86.4447,SAQ,s_202-1241B-6H-2-145-148   [20692],NOT GIVEN [20692],VOL,58.77,0.5677,17.65,,,4.83,2.42,0.6757,0.1688,4.56,6.3,0.2079,,,,,,,,,,,,,,,,,,,,,,,,,,,,,,,,,,,,,,,,,,,,,,,,,,,,,,,,,,,,,,,,,,,,,,,,,,,
SUBMARINE RIDGE,COCOS RIDGE / COCOS RIDGE / SITE 1241,5.8428,-86.4447,SAQ,s_202-1241B-6H-2-145-148   [20692],NOT GIVEN [20692],VOL,60.17,0.5359,17.22,,,4.11,3.63,1.303,0.1469,4.04,5.78,0.1878,,,,,,,,,,,,,,,,,,,,,,,,,,,,,,,,,,,,,,,,,,,,,,,,,,,,,,,,,,,,,,,,,,,,,,,,,,,
SUBMARINE RIDGE,COCOS RIDGE / COCOS RIDGE / SITE 1241,5.8428,-86.4447,SAQ,s_202-1241B-6H-2-145-148   [20692],NOT GIVEN [20692],VOL,59.52,0.5477,17.53,,,3.59,2.36,0.5359,0.1078,4.58,5.98,0.1974,,,,,,,,,,,,,,,,,,,,,,,,,,,,,,,,,,,,,,,,,,,,,,,,,,,,,,,,,,,,,,,,,,,,,,,,,,,
SUBMARINE RIDGE,COCOS RIDGE / COCOS RIDGE / SITE 1241,5.8428,-86.4447,SAQ,s_202-1241B-6H-2-145-148   [20692],NOT GIVEN [20692],VOL,59.17,0.6846,17.56,,,4.43,2.66,0.768,0.1733,4.56,5.92,0.154,,,,,,,,,,,,,,,,,,,,,,,,,,,,,,,,,,,,,,,,,,,,,,,,,,,,,,,,,,,,,,,,,,,,,,,,,,,
SUBMARINE RIDGE,COCOS RIDGE / COCOS RIDGE / SITE 1241,5.8428,-86.4447,SAQ,s_202-1241B-6H-2-145-148   [20692],NOT GIVEN [20692],VOL,58.04,0.5172,17.21,,,4.46,2.39,0.6514,0.2051,4.43,5.8,0.1355,,,,,,,,,,,,,,,,,,,,,,,,,,,,,,,,,,,,,,,,,,,,,,,,,,,,,,,,,,,,,,,,,,,,,,,,,,,
SUBMARINE RIDGE,COCOS RIDGE / COCOS RIDGE / SITE 1241,5.8428,-86.4447,SAQ,s_202-1241B-6H-2-145-148   [20692],NOT GIVEN [20692],VOL,59.66,0.4194,17.49,,,4.42,1.44,0.3522,0.1006,5.62,6.42,0.0541,,,,,,,,,,,,,,,,,,,,,,,,,,,,,,,,,,,,,,,,,,,,,,,,,,,,,,,,,,,,,,,,,,,,,,,,,,,
SUBMARINE RIDGE,COCOS RIDGE / COCOS RIDGE / SITE 1241,5.8428,-86.4447,SAQ,s_202-1241B-6H-2-145-148   [20692],NOT GIVEN [20692],VOL,58.91,0.5294,16.82,,,4.02,2.24,0.6282,0.1345,4.68,5.43,0.1779,,,,,,,,,,,,,,,,,,,,,,,,,,,,,,,,,,,,,,,,,,,,,,,,,,,,,,,,,,,,,,,,,,,,,,,,,,,
SUBMARINE RIDGE,COCOS RIDGE / COCOS RIDGE / SITE 1241,5.8428,-86.4447,SAQ,s_202-1241B-6H-2-145-148   [20692],NOT GIVEN [20692],VOL,58.86,0.5215,17.48,,,4.75,2.42,0.6893,0.1295,4.5,6.04,0.1384,,,,,,,,,,,,,,,,,,,,,,,,,,,,,,,,,,,,,,,,,,,,,,,,,,,,,,,,,,,,,,,,,,,,,,,,,,,
SUBMARINE RIDGE,COCOS RIDGE / COCOS RIDGE / SITE 1241,5.8428,-86.4447,SAQ,s_202-1241B-6H-2-145-148   [20692],NOT GIVEN [20692],VOL,57.09,0.7416,16.52,,,5.12,2.51,0.8915,0.2078,4.86,5.79,0.171,,,,,,,,,,,,,,,,,,,,,,,,,,,,,,,,,,,,,,,,,,,,,,,,,,,,,,,,,,,,,,,,,,,,,,,,,,,
SUBMARINE RIDGE,COCOS RIDGE / COCOS RIDGE / SITE 1241,5.8428,-86.4447,SAQ,s_202-1241A-6H-3-134-138   [20692],NOT GIVEN [20692],VOL,61.3272,0.481,16.8096,,,4.25,2.32,0.4751,0.1572,4.29,6.46,0.1394,17.59,,,,,,,,,,,,,18081.93,3.7,,,0,,,7.15,,,,,,,,,103.75,214.98,32.22,778.83,108.48,,,,,,,,,,,,0.894,741.77,68.87,122.87,13.64,46.31,8.85,2.25,5.95,0.909,6.05,1.1,3.36,0.463,3.41,0.505,15.31,6.42,,,,,,,,,7.92,,12.06,3.54
SUBMARINE RIDGE,COCOS RIDGE / COCOS RIDGE / SITE 1241,5.8428,-86.4447,SAQ,s_202-1241A-6H-3-134-138   [20692],NOT GIVEN [20692],VOL,60.3273,0.7484,16.5024,,,4.7,2.4,0.8622,0.1971,4.79,5.79,0.2068,,,,,,,,,,,,,,,,,,,,,,,,,,,,,,,,,,,,,,,,,,,,,,,,,,,,,,,,,,,,,,,,,,,,,,,,,,,
SUBMARINE RIDGE,COCOS RIDGE / COCOS RIDGE / SITE 1241,5.8428,-86.4447,SAQ,s_202-1241A-6H-3-134-138   [20692],NOT GIVEN [20692],VOL,60.196,0.5417,16.56,,,4.65,2.35,0.5718,0.1957,4.41,5.86,0.1957,,,,,,,,,,,,,,,,,,,,,,,,,,,,,,,,,,,,,,,,,,,,,,,,,,,,,,,,,,,,,,,,,,,,,,,,,,,
SUBMARINE RIDGE,COCOS RIDGE / COCOS RIDGE / SITE 1241,5.8428,-86.4447,SAQ,s_202-1241A-6H-3-134-138   [20692],NOT GIVEN [20692],VOL,60.6808,0.4468,17.7792,,,3.34,3.65,0.5074,0.1184,3.15,6.32,0.1931,,,,,,,,,,,,,,,,,,,,,,,,,,,,,,,,,,,,,,,,,,,,,,,,,,,,,,,,,,,,,,,,,,,,,,,,,,,
SUBMARINE RIDGE,COCOS RIDGE / COCOS RIDGE / SITE 1241,5.8428,-86.4447,SAQ,s_202-1241A-6H-3-134-138   [20692],NOT GIVEN [20692],VOL,61.0343,0.5492,16.5408,,,4.36,2.29,0.5441,0.184,4.5,5.98,0.156,,,,,,,,,,,,,,,,,,,,,,,,,,,,,,,,,,,,,,,,,,,,,,,,,,,,,,,,,,,,,,,,,,,,,,,,,,,
SUBMARINE RIDGE,COCOS RIDGE / COCOS RIDGE / SITE 1241,5.8428,-86.4447,SAQ,s_202-1241A-6H-3-134-138   [20692],NOT GIVEN [20692],VOL,62.2463,0.4988,18.5088,,,3.48,3.13,0.5146,0.1612,3.55,5.94,0.173,,,,,,,,,,,,,,,,,,,,,,,,,,,,,,,,,,,,,,,,,,,,,,,,,,,,,,,,,,,,,,,,,,,,,,,,,,,
SUBMARINE RIDGE,COCOS RIDGE / COCOS RIDGE / SITE 1241,5.8428,-86.4447,SAQ,s_202-1241A-6H-3-134-138   [20692],NOT GIVEN [20692],VOL,61.3272,0.5264,16.8384,,,4.89,2.41,0.5938,0.2336,4.21,6.43,0.1598,,,,,,,,,,,,,,,,,,,,,,,,,,,,,,,,,,,,,,,,,,,,,,,,,,,,,,,,,,,,,,,,,,,,,,,,,,,
SUBMARINE RIDGE,COCOS RIDGE / COCOS RIDGE / SITE 1241,5.8428,-86.4447,SAQ,s_202-1241A-6H-3-134-138   [20692],NOT GIVEN [20692],VOL,58.5901,0.5561,16.7904,,,4.71,2.23,0.5926,0.252,4.64,6.11,0.1583,,,,,,,,,,,,,,,,,,,,,,,,,,,,,,,,,,,,,,,,,,,,,,,,,,,,,,,,,,,,,,,,,,,,,,,,,,,
SUBMARINE RIDGE,COCOS RIDGE / COCOS RIDGE / SITE 1241,5.8428,-86.4447,SAQ,s_202-1241A-6H-3-134-138   [20692],NOT GIVEN [20692],VOL,61.5191,0.5646,16.6368,,,3.9,0.8529,0.2825,0.1694,6.07,5.99,0.1527,,,,,,,,,,,,,,,,,,,,,,,,,,,,,,,,,,,,,,,,,,,,,,,,,,,,,,,,,,,,,,,,,,,,,,,,,,,
SUBMARINE RIDGE,COCOS RIDGE / COCOS RIDGE / SITE 1241,5.8428,-86.4447,SAQ,s_202-1241A-6H-3-134-138   [20692],NOT GIVEN [20692],VOL,61.9635,0.4618,17.0016,,,3.87,2.72,0.5574,0.1853,3.89,6.45,0.1527,,,,,,,,,,,,,,,,,,,,,,,,,,,,,,,,,,,,,,,,,,,,,,,,,,,,,,,,,,,,,,,,,,,,,,,,,,,
SUBMARINE RIDGE,COCOS RIDGE / COCOS RIDGE / SITE 1241,5.8428,-86.4447,SAQ,s_202-1241A-6H-3-134-138   [20692],NOT GIVEN [20692],VOL,60.7717,0.4684,16.1664,,,4.23,2.05,0.5126,0.1491,4.54,5.54,0.1237,,,,,,,,,,,,,,,,,,,,,,,,,,,,,,,,,,,,,,,,,,,,,,,,,,,,,,,,,,,,,,,,,,,,,,,,,,,
SUBMARINE RIDGE,COCOS RIDGE / COCOS RIDGE / SITE 1241,5.8428,-86.4447,SAQ,s_202-1241A-6H-3-134-138   [20692],NOT GIVEN [20692],VOL,58.9133,0.6315,16.896,,,3.67,2.75,0.7042,0.1242,4.22,5.93,0.1512,,,,,,,,,,,,,,,,,,,,,,,,,,,,,,,,,,,,,,,,,,,,,,,,,,,,,,,,,,,,,,,,,,,,,,,,,,,
SUBMARINE RIDGE,COCOS RIDGE / COCOS RIDGE / SITE 1241,5.8428,-86.4447,SAQ,s_202-1241A-6H-6 0-4   [20692],NOT GIVEN [20692],VOL,63.2,0.6321,16.07,,,2.83,0.0067,0.0095,0.1492,5.04,6.86,0.1502,9.236790647,,,,,,,,,,,,,5016.575326,1.11761053,358.4396589,1.719342768,3.351894778,299.9629726,,1.485423792,,641.9771759,52593.55089,61.21091543,,,,,120.2410559,38.87868669,21.34539474,192.7353412,70.1688244,,,,,,,,3.172321734,,,,0.759115951,378.8033139,37.12962014,86.78959805,8.051428083,25.39303083,4.277053976,0.404821708,3.399105069,0.661884781,3.750313334,0.739179315,1.799114508,0.340558019,2.36474444,0.401416504,4.612527619,3.122815877,,,,,,,,,2.864052647,,6.52382673,2.563894662
SUBMARINE RIDGE,COCOS RIDGE / COCOS RIDGE / SITE 1241,5.8428,-86.4447,SAQ,s_202-1241A-6H-6 0-4   [20692],NOT GIVEN [20692],VOL,64.9,0.6371,15.3,,,3.31,0.0144,0.0325,0.077,5.17,6.3,0.1616,25.21117452,,,,,,,,,,,,,4241.504246,2.400317429,861.5463228,0,3.171994735,755.3114298,,0.201280798,,184.7334922,67614.55238,30.66802783,,,,,179.6274786,1.454274553,43.62725339,426.9923775,180.2274924,,,,,,,,5.974173741,,,,1.715429428,16.03543738,91.4980776,201.781246,19.25714693,60.69639323,10.47837317,0.400919079,7.666539888,1.300371439,7.3023219,1.610708709,5.164513572,0.709072311,5.302083428,0.804612708,10.72758934,8.501424054,,,,,,,,,6.054368387,,16.07353279,5.931738149
SUBMARINE RIDGE,COCOS RIDGE / COCOS RIDGE / SITE 1241,5.8428,-86.4447,SAQ,s_202-1241A-6H-6 0-4   [20692],NOT GIVEN [20692],VOL,61.89,0.608,14.97,,,3.83,0.0252,0.0225,0.0431,4.81,5.5,0.0974,83.72394438,,,,,,,,,,,,,2720.822932,2.262790815,959.9101913,1.420603912,0.340611128,886.6159454,,0.568220068,,277.1961951,268.9552008,51.25309381,,,,,299.04818,11.89957212,128.3081328,1032.54823,563.4074111,,,,,,,,25.71249723,,,,5.703758397,168.7139869,143.8429315,338.4046819,30.33722466,95.86665798,18.74267895,0.573823061,17.76805579,3.123015524,20.84068923,4.008417585,12.65619417,1.968975449,11.64657171,1.499630911,31.38758583,32.42940143,,,,,,,,,22.75819888,,55.76222813,21.18391334
SUBMARINE RIDGE,COCOS RIDGE / COCOS RIDGE / SITE 1241,5.8428,-86.4447,SAQ,s_202-1241A-6H-6 0-4   [20692],NOT GIVEN [20692],VOL,65.87,0.2786,16.96,,,1.55,0,0.0228,0.0604,5.36,6.9,0.0879,,,,,,,,,,,,,,,,,,,,,,,,,,,,,,,,,,,,,,,,,,,,,,,,,,,,,,,,,,,,,,,,,,,,,,,,,,,
SUBMARINE RIDGE,COCOS RIDGE / COCOS RIDGE / SITE 1241,5.8428,-86.4447,SAQ,s_202-1241A-6H-6 0-4   [20692],NOT GIVEN [20692],VOL,63.87,0.8109,15.36,,,3.59,0.0195,0,0.1711,4.68,5.75,0.1561,,,,,,,,,,,,,,,,,,,,,,,,,,,,,,,,,,,,,,,,,,,,,,,,,,,,,,,,,,,,,,,,,,,,,,,,,,,
SUBMARINE RIDGE,COCOS RIDGE / COCOS RIDGE / SITE 1241,5.8428,-86.4447,SAQ,s_202-1241A-6H-6 0-4   [20692],NOT GIVEN [20692],VOL,62.02,0.9427,16,,,3.45,0.0298,0.0738,0,4.85,6.09,0.2722,,,,,,,,,,,,,,,,,,,,,,,,,,,,,,,,,,,,,,,,,,,,,,,,,,,,,,,,,,,,,,,,,,,,,,,,,,,
SUBMARINE RIDGE,COCOS RIDGE / COCOS RIDGE / SITE 1241,5.8428,-86.4447,SAQ,s_202-1241A-6H-6 0-4   [20692],NOT GIVEN [20692],VOL,60.74,1.1422,15.79,,,3.44,0.1972,0.2416,0.1884,4.73,5.84,0.2528,,,,,,,,,,,,,,,,,,,,,,,,,,,,,,,,,,,,,,,,,,,,,,,,,,,,,,,,,,,,,,,,,,,,,,,,,,,
SUBMARINE RIDGE,COCOS RIDGE / COCOS RIDGE / SITE 1241,5.8428,-86.4447,SAQ,s_202-1241A-6H-6 0-4   [20692],NOT GIVEN [20692],VOL,66.53,0.5438,15.9,,,2.89,0,0.0278,0.1678,4.76,7.36,0.1194,,,,,,,,,,,,,,,,,,,,,,,,,,,,,,,,,,,,,,,,,,,,,,,,,,,,,,,,,,,,,,,,,,,,,,,,,,,
SUBMARINE RIDGE,COCOS RIDGE / COCOS RIDGE / SITE 1241,5.8428,-86.4447,SAQ,s_202-1241A-6H-6 0-4   [20692],NOT GIVEN [20692],VOL,67.47,0.484,15.73,,,3.13,0,0.0213,0.0352,4.58,6.94,0.132,,,,,,,,,,,,,,,,,,,,,,,,,,,,,,,,,,,,,,,,,,,,,,,,,,,,,,,,,,,,,,,,,,,,,,,,,,,
SUBMARINE RIDGE,COCOS RIDGE / COCOS RIDGE / SITE 1241,5.8428,-86.4447,SAQ,s_202-1241A-6H-6 0-4   [20692],NOT GIVEN [20692],VOL,66.21,0.7461,15.49,,,2.21,0.0305,0.0167,0.1006,4.92,5.46,0.0346,,,,,,,,,,,,,,,,,,,,,,,,,,,,,,,,,,,,,,,,,,,,,,,,,,,,,,,,,,,,,,,,,,,,,,,,,,,
SUBMARINE RIDGE,COCOS RIDGE / COCOS RIDGE / SITE 1241,5.8428,-86.4447,SAQ,s_202-1241B-6H-5-22-24   [20692],NOT GIVEN [20692],VOL,61.88,0.1071,15.87,,,2.99,0.6931,0.0314,0.1228,5.55,5.83,0.0258,,,,,,,,,,,,,,,,,,,,,,,,,,,,,,,,,,,,,,,,,,,,,,,,,,,,,,,,,,,,,,,,,,,,,,,,,,,
SUBMARINE RIDGE,COCOS RIDGE / COCOS RIDGE / SITE 1241,5.8428,-86.4447,SAQ,s_202-1241B-6H-5-22-24   [20692],NOT GIVEN [20692],VOL,62.1,0.1863,16,,,3.1,0.9241,0.1525,0.1075,4.7,6,0.0443,,,,,,,,,,,,,,,,,,,,,,,,,,,,,,,,,,,,,,,,,,,,,,,,,,,,,,,,,,,,,,,,,,,,,,,,,,,
SUBMARINE RIDGE,COCOS RIDGE / COCOS RIDGE / SITE 1241,5.8428,-86.4447,SAQ,s_202-1241B-6H-5-22-24   [20692],NOT GIVEN [20692],VOL,61.24,0.175,16.63,,,3.66,0.9803,0.1202,0.2117,5.02,6.97,0.0465,,,,,,,,,,,,,,,,,,,,,,,,,,,,,,,,,,,,,,,,,,,,,,,,,,,,,,,,,,,,,,,,,,,,,,,,,,,
SUBMARINE RIDGE,COCOS RIDGE / COCOS RIDGE / SITE 1241,5.8428,-86.4447,SAQ,s_202-1241B-6H-5-22-24   [20692],NOT GIVEN [20692],VOL,60.36,0.1679,15.69,,,3.86,0.881,0.0285,0.2144,5.38,6.3,0.0308,,,,,,,,,,,,,,,,,,,,,,,,,,,,,,,,,,,,,,,,,,,,,,,,,,,,,,,,,,,,,,,,,,,,,,,,,,,
SUBMARINE RIDGE,COCOS RIDGE / COCOS RIDGE / SITE 1241,5.8428,-86.4447,SAQ,s_202-1241B-6H-5-22-24   [20692],NOT GIVEN [20692],VOL,,,,,,,,,,,,,5.02,,,,,,,,,,,,,20583.39,9.51,,,24.65,,,8.35,,,,,,,,,20.59,183.9,12.95,130.32,33.54,,,,,,,,,,,,0.238,236.5,18.65,36.55,4.55,18.53,3.73,1.124,3.16,0.491,2.64,0.519,1.341,0.167,1.216,0.173,2.96,1.828,,,,,,,,,0.829,,2.36,0.541
SUBMARINE RIDGE,COCOS RIDGE / COCOS RIDGE / SITE 1241,5.8428,-86.4447,SAQ,s_202-1241B-6H-2 57-60   [20692],NOT GIVEN [20692],VOL,,,,,,,,,,,,,7.83,,,,,,,,,,,,,30088.91,3.98,,,0,,,5.07,,,,,,,,,53.42,623.66,26.3,412.24,78.75,,,,,,,,,,,,0.542,585.46,53.67,101.01,11.73,45.22,8.31,2.84,6.45,0.934,5.5,1.056,2.74,0.334,2.49,0.35,9.18,4.54,,,,,,,,,3.4,,6.55,1.722
SUBMARINE RIDGE,COCOS RIDGE / COCOS RIDGE / SITE 1241,5.8428,-86.4447,SAQ,s_202-1241A-4H-4-12-14   [20692],NOT GIVEN [20692],VOL,,,,,,,,,,,,,7.04,,,,,,,,,,,,,4931.44,1.94,,,25.71,,,1.63,,,,,,,,,50,14.93,21.28,385.29,60.45,,,,,,,,,,,,0.488,52.33,52.24,83.88,8.97,31.18,5.64,0.31,4.3,0.679,4.08,0.784,2.26,0.349,2.47,0.434,10.05,4.22,,,,,,,,,3.68,,9.62,1.98
SUBMARINE RIDGE,COCOS RIDGE / COCOS RIDGE / SITE 1241,5.8428,-86.4447,SAQ,s_202-1241B- 5H 3 70-74 [20692],NOT GIVEN [20692],VOL,,,,,,,,,,,,,13.63,,,,,,,,,,,,,9148.17,7.27,,,0,,,1.35,,,,,,,,,86.18,40.02,42.79,943.83,106.98,,,,,,,,,,,,0.797,309.24,61.78,119.11,12.9,49.25,9.76,1.22,9.05,1.2,7.67,1.6,4.6,0.633,4.42,0.745,19.7,6.59,,,,,,,,,5.56,,11.71,4.02
SUBMARINE RIDGE,COCOS RIDGE / COCOS RIDGE / SITE 1241,5.8428,-86.4447,SAQ,s_202-1241C-2H-6-42-49   [20692],NOT GIVEN [20692],VOL,,,,,,,,,,,,,7.97,,,,,,,,,,,,,6718.19,1.28,,,0,,,0.765,,,,,,,,,49.96,103.92,16.76,399.1,58.8,,,,,,,,,,,,0.501,368.8,33.39,57.39,6.25,22.36,3.89,1.007,3.63,0.516,2.85,0.644,1.77,0.336,1.73,0.285,8.23,3.45,,,,,,,,,2.72,,6.74,1.703
SUBMARINE RIDGE,COCOS RIDGE / COCOS RIDGE / SITE 1241,5.8428,-86.4447,SAQ,s_202-1241A-6H-3-134-138   [20692],NOT GIVEN [20692],VOL,,,,,,,,,,,,,11.86,,,,,,,,,,,,,18081.93,4.67,,,14.02,,,5.19,,,,,,,,,81.5,213.66,29.25,661.23,95.49,,,,,,,,,,,,0.792,643.96,59.96,107.62,11.81,43.97,7.73,1.854,5.52,0.883,5.23,1.085,3.23,0.456,3.41,0.499,13.54,5.76,,,,,,,,,4.38,,10.24,3.43
SUBMARINE RIDGE,COCOS RIDGE / COCOS RIDGE / SITE 158,6.623,85.236,SAQ,s_36CC [1646],BASALT [1646],VOL,45.61,1.7,13.3,6.15,5.48,,7.86,8.71,,0.17,2.8,0.19,,,,,,,,,,,,,,,,,,,,,,,,,,,,,,,,,,,,,,,,,,,,,,,,,,,,,,,,,,,,,,,,,,,,,,,,,,,
SUBMARINE RIDGE,COCOS RIDGE / COCOS RIDGE / SITE 158-1,6.6227,-85.236,SAQ,s_158-1 [2918],BASALT [2918],VOL,48.8,1.89,15.09,11.48,,,8.73,7.88,0.12,0.15,2.99,0.19,,,,,,,,,,,,,,,,,366,137,,,,54,,,,,,,,0.62,222,25,114,10.18,,,,,,,,,,,,,46,8.44,20.44,2.92,13.74,4.01,1.44,4.71,0.82,5.08,1.04,2.83,0.4,2.57,0.38,3.23,0.64,,,,,,,,,0.662,,0.764,0.332
SUBMARINE RIDGE,COCOS RIDGE / COCOS RIDGE / SITE 158-1,6.6227,-85.236,SAQ,s_158-1_LEACHED [2918],BASALT [2918],VOL,,,,,,,,,,,,,,,,,,,,,,,,,,,,,,,,,,,,,,,,,,,,,,,,,,,,,,,,,,,,,,,,,,,,,,,,,,,,,,,,,,,,,,,
SUBMARINE RIDGE,COCOS RIDGE / COCOS RIDGE / DREDGE K32,3.90083,-90.3326,SAQ,s_32-32-3 [2665],BASALT [2665],VOL,50.21,1.51,14.99,,10.31,,12.6,6.97,,0.39,2.56,0.2,,,,,,,,,,,,,,,,,,,,,,,,,,,,,,,,,,,,,,,,,,,,,,,,,,,,,,,,,,,,,,,,,,,,,,,,,,,